date,code,open,high,low,close,volume,amount
2021-12-27,000001,17.33,17.35,17.16,17.22,731118.0,1260455296.0
2021-12-27,600519,2168.0,2168.0,2112.0,2131.82,37555.0,8020677632.0
2021-12-28,000001,17.22,17.33,17.09,17.17,1126638.0,1934461056.0
2021-12-28,600519,2133.0,2155.5,2116.6,2138.18,27650.0,5901940736.0
2021-12-29,000001,17.16,17.16,16.7,16.75,1469373.0,2480534528.0
2021-12-29,600519,2150.0,2154.25,2041.0,2041.0,54049.0,11195625472.0
2021-12-30,000001,16.76,16.95,16.72,16.82,796663.0,1342374272.0
2021-12-30,600519,2041.0,2088.98,2028.0,2075.0,35261.0,7272866816.0
2021-12-31,000001,16.86,16.9,16.4,16.48,1750761.0,2899617024.0
2021-12-31,600519,2070.0,2072.98,2028.0,2050.0,29664.0,6061415424.0
2022-01-04,000001,16.48,16.66,16.18,16.66,1169259.0,1918887040.0
2022-01-04,600519,2055.0,2068.95,2014.0,2051.23,33842.0,6913653248.0
2022-01-05,000001,16.58,17.22,16.55,17.15,1961998.0,3344124672.0
2022-01-05,600519,2045.0,2065.0,2018.0,2024.0,28395.0,5774991872.0
2022-01-06,000001,17.11,17.27,17.0,17.12,1107885.0,1896535808.0
2022-01-06,600519,2022.01,2036.0,1938.51,1982.22,51794.0,10226933760.0
2022-01-07,000001,17.1,17.28,17.06,17.2,1126630.0,1937710976.0
2022-01-07,600519,1975.0,1988.88,1939.32,1942.0,29816.0,5831695360.0
2022-01-10,000001,17.29,17.42,17.03,17.19,909774.0,1563414528.0
2022-01-10,600519,1928.01,1977.0,1917.55,1966.0,29626.0,5792738304.0
2022-01-11,000001,17.26,17.54,17.14,17.41,1581999.0,2752485376.0
2022-01-11,600519,1948.0,1965.0,1931.17,1940.55,22276.0,4332180480.0
2022-01-12,000001,17.41,17.45,16.9,17.0,1502163.0,2561266432.0
2022-01-12,600519,1948.0,1978.8,1948.0,1967.0,27474.0,5384359424.0
2022-01-13,000001,16.91,17.24,16.82,16.98,909422.0,1550319104.0
2022-01-13,600519,1964.82,1967.99,1865.56,1877.39,56747.0,10781720576.0
2022-01-14,000001,17.0,17.02,16.3,16.33,2103095.0,3459950848.0
2022-01-14,600519,1877.39,1893.0,1863.0,1867.0,29321.0,5506186240.0
2022-01-17,000001,16.35,16.48,16.12,16.22,1143689.0,1855633792.0
2022-01-17,600519,1868.0,1878.3,1835.34,1861.61,27353.0,5074077696.0
2022-01-18,000001,16.25,16.54,16.16,16.52,1152974.0,1891094656.0
2022-01-18,600519,1861.68,1908.85,1852.0,1892.27,31215.0,5906705920.0
2022-01-19,000001,16.54,16.69,16.36,16.5,988391.0,1630973568.0
2022-01-19,600519,1919.0,1919.0,1888.88,1912.0,26370.0,5026993664.0
2022-01-20,000001,16.47,17.46,16.42,17.33,3031194.0,5195805696.0
2022-01-20,600519,1916.0,1979.99,1916.0,1969.52,34013.0,6665294848.0
2022-01-21,000001,17.45,17.56,17.21,17.35,1481682.0,2575115008.0
2022-01-21,600519,1960.0,1993.49,1951.01,1984.99,30812.0,6091427840.0
2022-01-24,000001,17.34,17.38,16.98,17.2,874770.0,1501390336.0
2022-01-24,600519,1955.0,1984.0,1931.44,1950.2,23985.0,4685441536.0
2022-01-25,000001,17.08,17.08,16.81,16.85,1093284.0,1851998976.0
2022-01-25,600519,1943.0,1966.0,1931.0,1943.0,25510.0,4971078656.0
2022-01-26,000001,16.95,17.1,16.54,16.65,984975.0,1646385024.0
2022-01-26,600519,1942.04,1969.0,1919.0,1955.0,23905.0,4655706624.0
2022-01-27,000001,16.5,16.54,16.25,16.3,1024643.0,1677261312.0
2022-01-27,600519,2001.01,2010.82,1952.0,1965.0,42665.0,8450329088.0
2022-01-28,000001,16.39,16.45,15.82,15.83,1675563.0,2695470336.0
2022-01-28,600519,1955.0,1968.0,1880.01,1887.0,41020.0,7889492992.0
2022-02-07,000001,16.02,16.41,15.89,16.39,1515476.0,2451798528.0
2022-02-07,600519,1900.99,1913.56,1850.0,1867.96,35150.0,6601799680.0
2022-02-08,000001,16.3,16.97,16.26,16.83,1754695.0,2950309120.0
2022-02-08,600519,1868.88,1872.87,1790.0,1839.0,41713.0,7585130496.0
2022-02-09,000001,16.92,17.0,16.71,16.86,1051161.0,1774253696.0
2022-02-09,600519,1839.09,1908.0,1826.97,1895.98,33884.0,6346699776.0
2022-02-10,000001,16.77,17.03,16.67,16.99,784557.0,1326848896.0
2022-02-10,600519,1900.0,1905.9,1857.39,1873.0,23031.0,4315457024.0
2022-02-11,000001,17.03,17.34,17.03,17.1,1078139.0,1852167552.0
2022-02-11,600519,1857.0,1900.79,1841.0,1849.97,33746.0,6296909824.0
2022-02-14,000001,17.1,17.15,16.51,16.58,1150658.0,1917613440.0
2022-02-14,600519,1840.0,1877.0,1837.31,1868.67,20195.0,3762313472.0
2022-02-15,000001,16.5,16.67,16.1,16.28,1208264.0,1968985344.0
2022-02-15,600519,1868.8,1911.0,1859.0,1890.62,27105.0,5131842048.0
2022-02-16,000001,16.35,16.53,16.21,16.41,782399.0,1282234112.0
2022-02-16,600519,1900.0,1907.0,1888.0,1892.55,14586.0,2769034240.0
2022-02-17,000001,16.39,16.55,16.32,16.42,794501.0,1306514304.0
2022-02-17,600519,1900.61,1911.48,1881.0,1886.99,18213.0,3450265088.0
2022-02-18,000001,16.32,16.77,16.31,16.77,802499.0,1330233344.0
2022-02-18,600519,1877.63,1907.98,1865.66,1907.0,19385.0,3670339840.0
2022-02-21,000001,16.66,16.67,16.32,16.51,800994.0,1316023680.0
2022-02-21,600519,1900.0,1906.9,1868.95,1876.99,20815.0,3920377344.0
2022-02-22,000001,16.31,16.44,16.16,16.23,894956.0,1454156288.0
2022-02-22,600519,1860.01,1861.0,1800.02,1807.87,52298.0,9473992704.0
2022-02-23,000001,16.3,16.31,16.04,16.19,886742.0,1431289856.0
2022-02-23,600519,1811.41,1834.0,1800.08,1827.01,28111.0,5118197760.0
2022-02-24,000001,16.13,16.15,15.8,15.91,1324086.0,2112842496.0
2022-02-24,600519,1808.0,1813.99,1748.1,1764.11,65359.0,11578557440.0
2022-02-25,000001,15.99,16.08,15.87,15.9,726397.0,1157890304.0
2022-02-25,600519,1775.0,1808.28,1775.0,1799.06,38979.0,6999524352.0
2022-02-28,000001,15.9,15.92,15.62,15.75,723990.0,1137154048.0
2022-02-28,600519,1787.06,1797.0,1767.0,1790.4,28923.0,5158148608.0
2022-03-01,000001,15.79,15.95,15.62,15.92,935040.0,1474694016.0
2022-03-01,600519,1802.0,1863.57,1802.0,1858.48,47379.0,8721228800.0
2022-03-02,000001,15.79,15.87,15.66,15.68,760760.0,1196321920.0
2022-03-02,600519,1840.0,1850.99,1825.0,1844.88,20074.0,3690612224.0
2022-03-03,000001,15.73,15.81,15.63,15.71,578285.0,908171584.0
2022-03-03,600519,1845.8,1850.25,1794.0,1800.0,31546.0,5703580672.0
2022-03-04,000001,15.62,15.63,15.28,15.33,990935.0,1523793664.0
2022-03-04,600519,1772.0,1792.89,1755.1,1780.5,31047.0,5509157888.0
2022-03-07,000001,15.17,15.17,14.66,14.72,1113159.0,1655959936.0
2022-03-07,600519,1760.2,1768.0,1703.8,1707.0,49155.0,8487507456.0
2022-03-08,000001,14.62,14.86,14.25,14.31,1003032.0,1463145984.0
2022-03-08,600519,1759.98,1786.66,1732.0,1753.2,57215.0,10087484416.0
2022-03-09,000001,14.4,14.45,13.22,13.84,1800760.0,2492043008.0
2022-03-09,600519,1764.1,1805.0,1721.11,1779.18,56434.0,10018589696.0
2022-03-10,000001,14.18,14.75,14.09,14.57,2249158.0,3269867776.0
2022-03-10,600519,1808.0,1821.0,1791.0,1794.43,36461.0,6587439104.0
2022-03-11,000001,14.4,14.98,14.15,14.9,1493647.0,2187480576.0
2022-03-11,600519,1766.0,1777.0,1718.08,1769.01,47726.0,8335618560.0
2022-03-14,000001,14.63,14.93,14.45,14.49,1118407.0,1637278464.0
2022-03-14,600519,1730.0,1750.0,1700.0,1700.0,49006.0,8416841728.0
2022-03-15,000001,14.4,14.4,13.6,13.68,1781408.0,2479769600.0
2022-03-15,600519,1650.0,1685.0,1603.0,1603.0,89055.0,14567142400.0
2022-03-16,000001,13.86,14.4,13.51,14.31,1531779.0,2141637120.0
2022-03-16,600519,1634.0,1683.9,1593.0,1674.95,77592.0,12753009664.0
2022-03-17,000001,14.66,14.71,14.24,14.45,1730061.0,2506504192.0
2022-03-17,600519,1720.0,1755.0,1711.66,1720.15,68351.0,11843531776.0
2022-03-18,000001,14.36,14.85,14.14,14.7,1528807.0,2222158848.0
2022-03-18,600519,1718.0,1745.0,1692.28,1707.79,38348.0,6564085248.0
2022-03-21,000001,14.5,14.82,14.39,14.59,1208868.0,1765673856.0
2022-03-21,600519,1724.0,1725.65,1695.01,1704.3,27877.0,4763083264.0
2022-03-22,000001,14.59,15.22,14.5,15.18,1628656.0,2443174144.0
2022-03-22,600519,1723.88,1723.88,1686.33,1695.0,21054.0,3578291200.0
2022-03-23,000001,15.11,15.19,14.9,15.0,1050102.0,1577561344.0
2022-03-23,600519,1705.0,1770.0,1697.0,1752.19,58067.0,10096340992.0
2022-03-24,000001,14.92,15.31,14.81,15.2,1002359.0,1518870144.0
2022-03-24,600519,1738.0,1740.0,1717.35,1720.93,25815.0,4457504256.0
2022-03-25,000001,15.15,15.25,14.82,14.98,742933.0,1116354560.0
2022-03-25,600519,1712.0,1734.0,1685.0,1690.0,29708.0,5054831104.0
2022-03-28,000001,14.8,15.05,14.63,14.85,727136.0,1078327296.0
2022-03-28,600519,1625.0,1664.8,1604.0,1660.8,57541.0,9392008192.0
2022-03-29,000001,14.88,14.95,14.6,14.68,615643.0,909169600.0
2022-03-29,600519,1661.5,1691.5,1661.5,1667.0,25934.0,4343365632.0
2022-03-30,000001,14.86,15.27,14.76,15.21,1236791.0,1859617024.0
2022-03-30,600519,1698.0,1730.1,1695.0,1730.1,42433.0,7276379136.0
2022-03-31,000001,15.1,15.57,15.06,15.38,1163746.0,1789209984.0
2022-03-31,600519,1720.0,1738.6,1708.8,1719.0,25173.0,4338022912.0
2022-04-01,000001,15.37,15.79,15.2,15.75,1484878.0,2319616768.0
2022-04-01,600519,1729.94,1793.0,1721.69,1780.01,44861.0,7936957440.0
2022-04-06,000001,15.64,16.54,15.63,16.39,2488540.0,4064051456.0
2022-04-06,600519,1753.0,1788.73,1753.0,1765.0,27819.0,4910792192.0
2022-04-07,000001,16.38,16.66,16.2,16.28,1659064.0,2724002816.0
2022-04-07,600519,1758.0,1785.0,1750.1,1765.0,20195.0,3568182272.0
2022-04-08,000001,16.26,16.45,16.13,16.4,1066779.0,1741072128.0
2022-04-08,600519,1768.0,1788.7,1766.54,1784.0,22941.0,4081618432.0
2022-04-11,000001,16.35,16.4,15.8,16.05,1416735.0,2277468928.0
2022-04-11,600519,1770.0,1770.0,1706.03,1720.0,43863.0,7568782336.0
2022-04-12,000001,16.05,16.26,15.66,15.92,1039261.0,1654820096.0
2022-04-12,600519,1729.0,1787.97,1708.0,1782.0,41629.0,7284546048.0
2022-04-13,000001,15.89,16.08,15.72,15.8,890628.0,1415496064.0
2022-04-13,600519,1767.0,1795.0,1751.08,1769.0,31147.0,5534915584.0
2022-04-14,000001,16.0,16.25,15.92,16.04,929614.0,1493344000.0
2022-04-14,600519,1788.0,1835.9,1780.2,1809.0,37649.0,6834657280.0
2022-04-15,000001,15.9,16.53,15.86,16.42,1231761.0,2014010112.0
2022-04-15,600519,1802.2,1818.0,1795.89,1805.99,21041.0,3800797696.0
2022-04-18,000001,16.15,16.2,15.81,15.9,1086887.0,1734236544.0
2022-04-18,600519,1781.13,1798.0,1768.0,1790.82,19793.0,3525103104.0
2022-04-19,000001,15.9,15.97,15.62,15.81,821772.0,1294226944.0
2022-04-19,600519,1800.0,1832.99,1775.5,1790.3,24204.0,4359852032.0
2022-04-20,000001,15.81,16.05,15.7,15.85,716555.0,1137697792.0
2022-04-20,600519,1801.69,1820.0,1768.68,1797.0,24155.0,4342043136.0
2022-04-21,000001,15.77,15.98,15.7,15.81,709891.0,1124663680.0
2022-04-21,600519,1790.2,1806.0,1770.0,1779.98,28952.0,5160787968.0
2022-04-22,000001,15.64,16.19,15.4,16.06,921274.0,1468452992.0
2022-04-22,600519,1763.0,1787.88,1760.18,1773.0,27899.0,4955360768.0
2022-04-25,000001,15.67,15.91,14.78,14.85,1664481.0,2527610112.0
2022-04-25,600519,1750.0,1776.5,1702.0,1708.0,53658.0,9352986624.0
2022-04-26,000001,14.88,14.98,14.45,14.73,988209.0,1456929664.0
2022-04-26,600519,1703.33,1748.98,1700.0,1732.48,44563.0,7692845056.0
2022-04-27,000001,14.98,15.65,14.96,15.65,1490295.0,2296798720.0
2022-04-27,600519,1767.12,1810.0,1767.12,1794.92,57402.0,10289893376.0
2022-04-28,000001,15.57,15.93,15.37,15.65,911771.0,1426381952.0
2022-04-28,600519,1793.0,1845.0,1786.5,1835.0,44010.0,8038682112.0
2022-04-29,000001,15.69,15.74,14.97,15.32,1645013.0,2503476736.0
2022-04-29,600519,1836.0,1849.0,1810.98,1828.38,34885.0,6384066560.0
2022-05-05,000001,15.2,15.45,15.15,15.32,790196.0,1208735104.0
2022-05-05,600519,1830.0,1870.0,1828.98,1837.0,33660.0,6235017728.0
2022-05-06,000001,15.02,15.2,14.91,14.96,832431.0,1250995584.0
2022-05-06,600519,1814.99,1819.0,1781.0,1793.0,28596.0,5138176512.0
2022-05-09,000001,14.94,14.94,14.46,14.55,818621.0,1197104256.0
2022-05-09,600519,1780.0,1780.0,1738.0,1752.0,30351.0,5324616192.0
2022-05-10,000001,14.5,14.6,14.11,14.59,992285.0,1425836928.0
2022-05-10,600519,1720.0,1784.96,1705.01,1766.19,40119.0,7018450944.0
2022-05-11,000001,14.54,14.84,14.44,14.63,848573.0,1240700416.0
2022-05-11,600519,1755.0,1788.48,1752.0,1768.0,30312.0,5372950016.0
2022-05-12,000001,14.48,14.56,14.33,14.38,685064.0,987061632.0
2022-05-12,600519,1753.0,1778.0,1750.0,1762.67,22038.0,3888480000.0
2022-05-13,000001,14.5,14.66,14.49,14.61,676311.0,985962944.0
2022-05-13,600519,1780.0,1797.94,1766.0,1778.24,20730.0,3690141184.0
2022-05-16,000001,14.66,14.73,14.35,14.41,668227.0,965652288.0
2022-05-16,600519,1797.0,1797.0,1742.67,1758.0,27765.0,4881208832.0
2022-05-17,000001,14.51,14.72,14.32,14.71,931406.0,1357428352.0
2022-05-17,600519,1769.88,1775.0,1755.0,1768.0,20144.0,3557048832.0
2022-05-18,000001,14.85,14.89,14.67,14.75,778578.0,1150500480.0
2022-05-18,600519,1773.66,1773.92,1743.02,1761.0,24850.0,4362486784.0
2022-05-19,000001,14.55,14.7,14.5,14.62,590921.0,863214144.0
2022-05-19,600519,1745.0,1757.0,1739.0,1756.0,19776.0,3459059200.0
2022-05-20,000001,14.7,15.04,14.67,15.02,948597.0,1415164672.0
2022-05-20,600519,1759.99,1801.15,1752.0,1800.01,41949.0,7493460480.0
2022-05-23,000001,15.07,15.07,14.76,14.83,647725.0,962683712.0
2022-05-23,600519,1800.0,1803.89,1772.0,1781.0,22157.0,3950856704.0
2022-05-24,000001,14.87,14.87,14.4,14.4,933557.0,1358693504.0
2022-05-24,600519,1786.0,1787.0,1755.5,1760.0,27342.0,4824600064.0
2022-05-25,000001,14.43,14.49,14.3,14.39,603228.0,866228928.0
2022-05-25,600519,1765.27,1772.0,1747.0,1755.51,22388.0,3929477120.0
2022-05-26,000001,14.41,14.43,14.07,14.19,1011317.0,1435689344.0
2022-05-26,600519,1761.0,1761.0,1730.0,1742.8,28053.0,4888109056.0
2022-05-27,000001,14.29,14.35,14.11,14.18,723066.0,1029702208.0
2022-05-27,600519,1759.99,1780.0,1753.01,1755.16,25119.0,4436904960.0
2022-05-30,000001,14.26,14.28,14.04,14.08,896901.0,1265572992.0
2022-05-30,600519,1766.0,1790.55,1766.0,1778.41,34465.0,6135631360.0
2022-05-31,000001,14.07,14.18,14.0,14.16,938868.0,1325012096.0
2022-05-31,600519,1774.77,1814.9,1766.98,1804.03,40750.0,7329201152.0
2022-06-01,000001,14.14,14.14,14.0,14.08,845298.0,1187423744.0
2022-06-01,600519,1802.0,1814.78,1779.0,1788.25,21760.0,3897859072.0
2022-06-02,000001,14.02,14.03,13.88,13.95,979268.0,1363740800.0
2022-06-02,600519,1787.97,1795.8,1780.0,1786.0,16914.0,3019718144.0
2022-06-06,000001,13.91,14.17,13.64,14.17,1710851.0,2370807552.0
2022-06-06,600519,1790.0,1795.0,1758.0,1788.0,36741.0,6535329280.0
2022-06-07,000001,14.02,14.25,13.99,14.16,1315112.0,1860366720.0
2022-06-07,600519,1784.14,1825.0,1770.31,1817.9,35048.0,6356030976.0
2022-06-08,000001,14.16,14.17,14.01,14.16,1145521.0,1613524992.0
2022-06-08,600519,1825.0,1882.0,1825.0,1865.6,44353.0,8236953600.0
2022-06-09,000001,14.14,14.46,14.1,14.35,1632901.0,2339986688.0
2022-06-09,600519,1872.0,1888.35,1849.0,1853.0,26329.0,4897066496.0
2022-06-10,000001,14.26,14.33,14.13,14.32,1346012.0,1914639744.0
2022-06-10,600519,1845.01,1907.0,1835.0,1900.6,47344.0,8882462720.0
2022-06-13,000001,14.18,14.19,13.88,13.91,1547752.0,2163340032.0
2022-06-13,600519,1890.0,1892.0,1848.08,1856.0,36755.0,6847248896.0
2022-06-14,000001,13.71,14.13,13.71,14.12,1151429.0,1602169856.0
2022-06-14,600519,1834.0,1875.42,1832.0,1871.0,29416.0,5467949568.0
2022-06-15,000001,14.1,15.11,14.06,14.74,3413543.0,5010292736.0
2022-06-15,600519,1870.0,1905.0,1862.99,1875.1,33663.0,6354869248.0
2022-06-16,000001,14.74,14.83,14.42,14.44,1332546.0,1939976192.0
2022-06-16,600519,1894.59,1907.63,1875.33,1877.0,26886.0,5087605248.0
2022-06-17,000001,14.32,14.53,14.2,14.45,1053787.0,1513925888.0
2022-06-17,600519,1878.09,1952.0,1878.09,1951.0,50541.0,9749530624.0
2022-06-20,000001,14.44,14.44,14.26,14.34,1032166.0,1479529728.0
2022-06-20,600519,1950.0,1970.0,1930.0,1942.02,34974.0,6802792448.0
2022-06-21,000001,14.34,14.63,14.23,14.37,1321794.0,1905346048.0
2022-06-21,600519,1949.0,1966.99,1928.0,1945.74,23717.0,4617805312.0
2022-06-22,000001,14.36,14.36,14.08,14.08,1056045.0,1498415744.0
2022-06-22,600519,1955.0,1958.0,1932.0,1936.0,19646.0,3813775360.0
2022-06-23,000001,14.09,14.23,14.06,14.2,806028.0,1140899072.0
2022-06-23,600519,1942.7,1965.04,1940.0,1957.1,26843.0,5239860224.0
2022-06-24,000001,14.2,14.25,14.11,14.23,866040.0,1227798656.0
2022-06-24,600519,1970.0,2020.0,1965.0,2009.01,39634.0,7921199616.0
2022-06-27,000001,14.24,14.56,14.22,14.49,1497278.0,2166380544.0
2022-06-27,600519,2019.94,2049.94,2000.3,2010.55,40115.0,8124448768.0
2022-06-28,000001,14.47,14.67,14.41,14.63,1125110.0,1638673280.0
2022-06-28,600519,2019.74,2041.0,2001.0,2036.0,25245.0,5112299008.0
2022-06-29,000001,14.65,14.9,14.55,14.64,1266547.0,1865064704.0
2022-06-29,600519,2028.0,2042.0,2011.01,2030.0,30360.0,6142508544.0
2022-06-30,000001,14.63,15.02,14.55,14.98,1548745.0,2304888576.0
2022-06-30,600519,2000.0,2077.0,1999.99,2045.0,38982.0,7984019456.0
2022-07-01,000001,15.0,15.07,14.84,14.92,779243.0,1164030720.0
2022-07-01,600519,2055.0,2067.77,2015.21,2029.05,21596.0,4385555456.0
2022-07-04,000001,14.95,14.98,14.75,14.94,834968.0,1241453440.0
2022-07-04,600519,2020.01,2024.29,2001.01,2018.0,25075.0,5042804224.0
2022-07-05,000001,14.99,15.27,14.82,14.91,1115172.0,1674718976.0
2022-07-05,600519,2025.28,2054.45,2010.0,2033.01,26329.0,5345189888.0
2022-07-06,000001,14.83,14.93,14.46,14.53,1043335.0,1520022528.0
2022-07-06,600519,2032.0,2039.0,1986.0,2002.0,32751.0,6566374912.0
2022-07-07,000001,14.54,14.65,14.38,14.42,730160.0,1057696576.0
2022-07-07,600519,2005.0,2009.35,1985.01,1990.0,20931.0,4179088128.0
2022-07-08,000001,14.5,14.65,14.37,14.54,639698.0,928850368.0
2022-07-08,600519,2005.0,2014.89,1996.16,1999.0,15643.0,3134903552.0
2022-07-11,000001,14.5,14.57,14.36,14.46,611691.0,883613760.0
2022-07-11,600519,1990.2,1994.77,1950.5,1963.6,23949.0,4709248512.0
2022-07-12,000001,14.41,14.73,14.38,14.42,742882.0,1078432000.0
2022-07-12,600519,1965.0,1972.8,1930.06,1948.41,23446.0,4562731520.0
2022-07-13,000001,14.42,14.47,13.89,13.97,2175996.0,3056913152.0
2022-07-13,600519,1945.0,1972.0,1940.67,1958.89,19853.0,3893405952.0
2022-07-14,000001,13.7,13.71,13.29,13.37,2632120.0,3534578688.0
2022-07-14,600519,1960.0,1976.8,1941.0,1953.0,20527.0,4014985472.0
2022-07-15,000001,13.48,13.56,13.22,13.24,1598637.0,2139915264.0
2022-07-15,600519,1945.11,1999.68,1944.51,1949.5,33416.0,6588730880.0
2022-07-18,000001,13.25,13.44,13.21,13.39,1153505.0,1536340992.0
2022-07-18,600519,1952.36,1959.0,1922.0,1951.66,24220.0,4701936640.0
2022-07-19,000001,13.34,13.43,13.28,13.42,755597.0,1008562432.0
2022-07-19,600519,1945.0,1951.65,1926.0,1943.1,21956.0,4250852864.0
2022-07-20,000001,13.43,13.47,13.35,13.39,801458.0,1073936256.0
2022-07-20,600519,1958.75,1970.0,1945.0,1950.1,18704.0,3659971072.0
2022-07-21,000001,13.32,13.34,12.99,13.01,1970387.0,2588696064.0
2022-07-21,600519,1943.1,1955.9,1934.51,1939.0,14061.0,2735503104.0
2022-07-22,000001,12.84,12.93,12.62,12.81,1376509.0,1755555712.0
2022-07-22,600519,1949.22,1962.0,1935.0,1947.0,25113.0,4894378496.0
2022-07-25,000001,12.8,12.85,12.67,12.82,763955.0,976071680.0
2022-07-25,600519,1949.51,1952.3,1931.0,1944.65,16912.0,3285451264.0
2022-07-26,000001,12.75,12.91,12.71,12.91,1024048.0,1314310400.0
2022-07-26,600519,1952.99,1964.97,1947.02,1950.21,20685.0,4041100032.0
2022-07-27,000001,12.85,12.88,12.73,12.79,923914.0,1182889728.0
2022-07-27,600519,1942.0,1948.0,1917.0,1919.6,21489.0,4149807104.0
2022-07-28,000001,12.81,12.91,12.78,12.88,750346.0,964903680.0
2022-07-28,600519,1921.1,1938.0,1892.66,1898.0,34869.0,6669448192.0
2022-07-29,000001,12.88,12.9,12.65,12.68,831497.0,1059518592.0
2022-07-29,600519,1895.1,1918.99,1878.1,1898.44,37032.0,7028416000.0
2022-08-01,000001,12.66,12.66,12.4,12.42,1025732.0,1277987072.0
2022-08-01,600519,1890.01,1908.0,1881.18,1890.3,21037.0,3988198656.0
2022-08-02,000001,12.22,12.34,11.94,12.26,1373009.0,1664397696.0
2022-08-02,600519,1880.0,1887.98,1858.01,1879.98,28220.0,5284516352.0
2022-08-03,000001,12.19,12.27,12.01,12.03,746136.0,905653312.0
2022-08-03,600519,1889.99,1904.0,1877.0,1885.0,24598.0,4642442240.0
2022-08-04,000001,12.1,12.17,12.02,12.16,602675.0,729351680.0
2022-08-04,600519,1890.0,1923.1,1880.13,1916.01,30357.0,5797110784.0
2022-08-05,000001,12.13,12.33,11.98,12.31,765297.0,930836352.0
2022-08-05,600519,1927.8,1935.0,1904.9,1923.96,20085.0,3857406208.0
2022-08-08,000001,12.25,12.36,12.16,12.2,551999.0,674950912.0
2022-08-08,600519,1915.15,1932.88,1907.51,1911.53,16799.0,3220702976.0
2022-08-09,000001,12.21,12.22,12.08,12.12,558447.0,677098624.0
2022-08-09,600519,1911.53,1918.99,1905.0,1910.0,13874.0,2651800064.0
2022-08-10,000001,12.12,12.24,12.02,12.06,683023.0,825806016.0
2022-08-10,600519,1909.98,1918.0,1864.58,1876.0,27926.0,5259452928.0
2022-08-11,000001,12.08,12.39,12.04,12.35,1399303.0,1710719488.0
2022-08-11,600519,1886.0,1907.0,1878.01,1906.9,26061.0,4940834304.0
2022-08-12,000001,12.26,12.41,12.2,12.38,820503.0,1010612416.0
2022-08-12,600519,1906.9,1930.0,1900.0,1928.0,20259.0,3882570496.0
2022-08-15,000001,12.29,12.36,12.09,12.11,1172010.0,1425087488.0
2022-08-15,600519,1920.46,1939.5,1915.55,1919.89,19323.0,3717178368.0
2022-08-16,000001,12.11,12.2,12.1,12.13,631223.0,765907200.0
2022-08-16,600519,1923.94,1933.79,1916.0,1917.84,14835.0,2854189568.0
2022-08-17,000001,12.15,12.42,12.07,12.4,1348506.0,1656961664.0
2022-08-17,600519,1930.0,1930.0,1895.0,1918.0,18360.0,3508295424.0
2022-08-18,000001,12.48,12.54,12.16,12.25,1269701.0,1560630528.0
2022-08-18,600519,1908.0,1913.08,1881.07,1895.5,23167.0,4384060416.0
2022-08-19,000001,12.27,12.75,12.23,12.57,2106417.0,2653470976.0
2022-08-19,600519,1898.0,1908.35,1888.0,1895.01,13544.0,2572000768.0
2022-08-22,000001,12.58,12.68,12.41,12.5,1138076.0,1423361920.0
2022-08-22,600519,1885.01,1907.0,1881.38,1893.98,15426.0,2925285376.0
2022-08-23,000001,12.45,12.49,12.28,12.34,921463.0,1137300480.0
2022-08-23,600519,1898.6,1898.6,1867.0,1870.01,23756.0,4452538880.0
2022-08-24,000001,12.33,12.54,12.33,12.4,1295375.0,1613309568.0
2022-08-24,600519,1869.99,1875.23,1851.0,1854.2,18727.0,3486382848.0
2022-08-25,000001,12.4,12.66,12.3,12.62,1064010.0,1329230336.0
2022-08-25,600519,1859.0,1888.0,1854.2,1885.0,21925.0,4107597824.0
2022-08-26,000001,12.68,12.75,12.46,12.61,927634.0,1168951040.0
2022-08-26,600519,1900.0,1912.0,1886.0,1898.0,23141.0,4397160960.0
2022-08-29,000001,12.5,12.56,12.31,12.42,924490.0,1145189120.0
2022-08-29,600519,1883.0,1899.97,1874.0,1878.82,13569.0,2555981312.0
2022-08-30,000001,12.43,12.54,12.28,12.48,799712.0,991447616.0
2022-08-30,600519,1882.35,1885.0,1854.2,1870.0,18235.0,3400091392.0
2022-08-31,000001,12.38,12.78,12.36,12.75,1653041.0,2091408256.0
2022-08-31,600519,1860.1,1925.56,1860.01,1924.0,44691.0,8518225408.0
2022-09-01,000001,12.65,12.79,12.58,12.61,861981.0,1092666240.0
2022-09-01,600519,1912.15,1916.0,1880.89,1880.89,26845.0,5088658944.0
2022-09-02,000001,12.62,12.69,12.43,12.51,786362.0,983433856.0
2022-09-02,600519,1889.94,1892.96,1866.17,1875.0,19391.0,3635162880.0
2022-09-05,000001,12.46,12.6,12.37,12.57,632040.0,788451072.0
2022-09-05,600519,1862.64,1869.0,1820.0,1835.0,36821.0,6764549120.0
2022-09-06,000001,12.58,12.66,12.43,12.5,731294.0,914692160.0
2022-09-06,600519,1835.36,1848.2,1825.0,1845.0,20830.0,3832086272.0
2022-09-07,000001,12.42,12.42,12.28,12.33,979812.0,1208329728.0
2022-09-07,600519,1835.03,1837.66,1811.01,1818.01,28306.0,5151537152.0
2022-09-08,000001,12.32,12.44,12.3,12.36,621116.0,768913472.0
2022-09-08,600519,1820.0,1832.0,1815.0,1815.0,16590.0,3026766336.0
2022-09-09,000001,12.4,12.74,12.36,12.72,1951297.0,2469131264.0
2022-09-09,600519,1825.0,1852.0,1816.0,1844.79,27089.0,4991679488.0
2022-09-13,000001,12.88,13.02,12.66,12.95,1722689.0,2223707392.0
2022-09-13,600519,1880.0,1888.38,1858.23,1879.0,28693.0,5387986944.0
2022-09-14,000001,12.75,12.87,12.7,12.73,858035.0,1095054848.0
2022-09-14,600519,1864.01,1880.0,1863.0,1869.0,16041.0,3002693120.0
2022-09-15,000001,12.8,13.1,12.77,13.0,1841017.0,2393239552.0
2022-09-15,600519,1870.0,1893.12,1869.96,1880.0,20810.0,3917954304.0
2022-09-16,000001,12.92,12.95,12.56,12.56,1357447.0,1719252864.0
2022-09-16,600519,1871.8,1885.6,1855.11,1859.0,24121.0,4501527552.0
2022-09-19,000001,12.54,12.67,12.48,12.57,632121.0,793491328.0
2022-09-19,600519,1855.0,1888.59,1852.88,1871.64,18583.0,3479680768.0
2022-09-20,000001,12.61,12.63,12.32,12.34,889988.0,1102212224.0
2022-09-20,600519,1869.98,1884.6,1858.55,1878.0,14116.0,2645281792.0
2022-09-21,000001,12.31,12.48,12.2,12.43,684197.0,845477184.0
2022-09-21,600519,1876.67,1883.0,1848.0,1848.0,20994.0,3904096512.0
2022-09-22,000001,12.33,12.36,12.25,12.29,586133.0,720058240.0
2022-09-22,600519,1840.0,1841.02,1816.85,1820.81,22704.0,4147900928.0
2022-09-23,000001,12.24,12.43,12.23,12.29,586441.0,722703104.0
2022-09-23,600519,1820.81,1855.0,1820.81,1834.43,28287.0,5191904768.0
2022-09-26,000001,12.16,12.28,11.99,12.0,903729.0,1094060800.0
2022-09-26,600519,1820.0,1888.0,1819.98,1863.0,35134.0,6566771200.0
2022-09-27,000001,12.0,12.16,11.81,12.15,789622.0,946732992.0
2022-09-27,600519,1868.86,1897.0,1851.11,1888.0,28820.0,5422668288.0
2022-09-28,000001,12.09,12.25,11.92,12.11,780925.0,946211776.0
2022-09-28,600519,1880.5,1899.4,1874.01,1883.0,21445.0,4042506240.0
2022-09-29,000001,12.25,12.28,11.82,11.86,917718.0,1100405248.0
2022-09-29,600519,1897.98,1902.18,1871.13,1880.35,21589.0,4075515136.0
2022-09-30,000001,11.87,11.96,11.83,11.84,537230.0,638906944.0
2022-09-30,600519,1898.62,1901.99,1866.0,1872.5,21289.0,4000918016.0
2022-10-10,000001,11.7,11.77,11.46,11.47,966080.0,1119089792.0
2022-10-10,600519,1890.0,1891.0,1780.2,1786.0,48584.0,8865386496.0
2022-10-11,000001,11.54,11.58,11.41,11.48,415253.0,476749216.0
2022-10-11,600519,1789.0,1806.0,1760.0,1779.99,32047.0,5712249344.0
2022-10-12,000001,11.45,11.62,11.35,11.6,559572.0,641776512.0
2022-10-12,600519,1773.66,1779.0,1708.0,1760.0,48195.0,8372252672.0
2022-10-13,000001,11.51,11.54,11.31,11.34,852616.0,970021760.0
2022-10-13,600519,1720.46,1735.0,1697.0,1699.99,63969.0,10919727104.0
2022-10-14,000001,11.45,11.63,11.4,11.53,1096061.0,1265486592.0
2022-10-14,600519,1710.0,1755.0,1701.94,1737.61,46519.0,8045032448.0
2022-10-17,000001,11.42,11.52,11.34,11.48,1024822.0,1171523584.0
2022-10-17,600519,1726.0,1727.99,1697.8,1718.5,33549.0,5740146688.0
2022-10-18,000001,11.55,11.64,11.46,11.48,946837.0,1091646592.0
2022-10-18,600519,1725.0,1730.0,1701.0,1705.83,28082.0,4800689664.0
2022-10-19,000001,11.42,11.49,11.28,11.29,923989.0,1049700736.0
2022-10-19,600519,1701.98,1701.98,1648.0,1648.0,60120.0,9997656064.0
2022-10-20,000001,11.23,11.31,11.16,11.2,781923.0,876967168.0
2022-10-20,600519,1621.0,1668.43,1611.0,1643.5,42778.0,7020555264.0
2022-10-21,000001,11.21,11.25,11.07,11.09,785574.0,876648512.0
2022-10-21,600519,1640.0,1647.8,1610.0,1624.0,38907.0,6317945856.0
2022-10-24,000001,11.09,11.1,10.61,10.62,1383390.0,1496043904.0
2022-10-24,600519,1570.0,1589.0,1488.01,1501.28,132098.0,20217575424.0
2022-10-25,000001,10.7,10.81,10.6,10.65,1316979.0,1406437760.0
2022-10-25,600519,1479.42,1515.0,1472.0,1479.75,81361.0,12136908800.0
2022-10-26,000001,10.64,10.73,10.61,10.66,1143829.0,1220733312.0
2022-10-26,600519,1488.8,1514.99,1460.0,1464.08,81780.0,12120993792.0
2022-10-27,000001,10.7,10.77,10.66,10.68,957383.0,1024868032.0
2022-10-27,600519,1480.0,1487.98,1383.85,1401.0,107105.0,15258551296.0
2022-10-28,000001,10.63,10.7,10.41,10.42,1057947.0,1114999296.0
2022-10-28,600519,1390.77,1406.0,1358.71,1360.0,93142.0,12823822336.0
2022-10-31,000001,10.33,10.45,10.22,10.34,983095.0,1016230016.0
2022-10-31,600519,1350.0,1382.01,1333.0,1350.0,71846.0,9758303232.0
2022-11-01,000001,10.38,10.68,10.36,10.67,1381234.0,1459758336.0
2022-11-01,600519,1359.0,1469.4,1359.0,1462.01,118766.0,16859774976.0
2022-11-02,000001,10.61,10.68,10.48,10.63,1302988.0,1377816192.0
2022-11-02,600519,1460.0,1506.0,1436.0,1471.96,79777.0,11717203968.0
2022-11-03,000001,10.54,10.57,10.38,10.44,983535.0,1028904256.0
2022-11-03,600519,1443.57,1462.5,1428.1,1439.5,45159.0,6509550592.0
2022-11-04,000001,10.4,10.85,10.39,10.82,1776112.0,1903720960.0
2022-11-04,600519,1437.96,1527.77,1437.96,1516.57,80007.0,11996968960.0
2022-11-07,000001,10.81,10.91,10.73,10.88,988082.0,1070554816.0
2022-11-07,600519,1494.05,1518.48,1486.59,1507.11,42698.0,6414049280.0
2022-11-08,000001,10.89,10.92,10.78,10.85,583222.0,632835776.0
2022-11-08,600519,1508.0,1517.99,1468.96,1484.88,39324.0,5842320896.0
2022-11-09,000001,10.84,11.08,10.82,10.89,832106.0,911153600.0
2022-11-09,600519,1483.95,1488.88,1450.0,1459.9,36090.0,5276777472.0
2022-11-10,000001,10.79,10.9,10.69,10.87,552021.0,596916608.0
2022-11-10,600519,1444.0,1485.0,1435.15,1475.0,37719.0,5518325760.0
2022-11-11,000001,11.13,11.66,11.01,11.43,2545070.0,2878557440.0
2022-11-11,600519,1528.0,1544.45,1494.98,1528.15,73947.0,11252112384.0
2022-11-14,000001,11.7,12.28,11.7,11.95,3872084.0,4637823488.0
2022-11-14,600519,1543.5,1563.53,1528.0,1533.0,57370.0,8858049536.0
2022-11-15,000001,11.86,12.18,11.83,12.01,1573901.0,1891249664.0
2022-11-15,600519,1532.0,1598.97,1521.0,1588.0,56317.0,8858378240.0
2022-11-16,000001,11.97,12.05,11.79,11.82,1278692.0,1519133952.0
2022-11-16,600519,1581.0,1598.0,1568.0,1585.25,26847.0,4250886912.0
2022-11-17,000001,11.81,11.84,11.58,11.69,1091047.0,1273790848.0
2022-11-17,600519,1590.5,1596.3,1552.88,1567.0,30579.0,4793000960.0
2022-11-18,000001,11.74,11.78,11.57,11.59,868093.0,1011078656.0
2022-11-18,600519,1576.0,1584.0,1556.0,1567.13,23608.0,3703793408.0
2022-11-21,000001,11.48,11.5,11.22,11.46,1047737.0,1189388672.0
2022-11-21,600519,1541.35,1541.35,1498.53,1519.98,39096.0,5917086208.0
2022-11-22,000001,11.46,11.93,11.44,11.82,1491323.0,1748727424.0
2022-11-22,600519,1517.44,1559.74,1516.11,1539.95,29900.0,4582790144.0
2022-11-23,000001,11.78,12.05,11.72,11.82,1247656.0,1483352704.0
2022-11-23,600519,1528.0,1557.0,1521.04,1549.0,22177.0,3428793088.0
2022-11-24,000001,11.92,11.99,11.69,11.77,796718.0,941002368.0
2022-11-24,600519,1559.0,1568.88,1513.98,1519.99,27687.0,4241974272.0
2022-11-25,000001,11.79,12.23,11.77,12.17,1760728.0,2130171648.0
2022-11-25,600519,1520.51,1532.0,1510.0,1522.01,18621.0,2833988352.0
2022-11-28,000001,11.9,11.92,11.69,11.81,1331563.0,1568351104.0
2022-11-28,600519,1484.78,1515.0,1451.0,1509.88,47723.0,7040991232.0
2022-11-29,000001,12.16,12.99,12.13,12.99,4749276.0,6026006528.0
2022-11-29,600519,1569.56,1600.0,1551.0,1599.0,73420.0,11587859456.0
2022-11-30,000001,12.9,13.34,12.82,13.03,3209628.0,4206404096.0
2022-11-30,600519,1587.12,1604.0,1585.0,1599.0,31497.0,5019450880.0
2022-12-01,000001,13.38,13.66,13.07,13.1,2002688.0,2658203136.0
2022-12-01,600519,1660.0,1680.0,1630.79,1630.8,51357.0,8480773120.0
2022-12-02,000001,13.14,13.15,12.69,12.9,1404202.0,1803658752.0
2022-12-02,600519,1635.0,1652.99,1621.2,1633.88,23883.0,3910860544.0
2022-12-05,000001,13.09,13.57,13.01,13.53,2287627.0,3057231872.0
2022-12-05,600519,1668.0,1679.0,1649.0,1664.9,36127.0,6018521088.0
2022-12-06,000001,13.34,13.66,13.25,13.43,1252578.0,1680593536.0
2022-12-06,600519,1655.0,1726.9,1652.0,1688.0,44147.0,7477917184.0
2022-12-07,000001,13.33,13.37,13.03,13.15,1377377.0,1815667712.0
2022-12-07,600519,1677.81,1720.0,1670.03,1684.0,35526.0,6012253184.0
2022-12-08,000001,13.15,13.52,13.12,13.36,1065722.0,1422047872.0
2022-12-08,600519,1682.0,1695.0,1665.0,1687.02,19729.0,3323420928.0
2022-12-09,000001,13.4,13.75,13.35,13.7,1615832.0,2197501696.0
2022-12-09,600519,1692.0,1730.0,1682.0,1730.0,39215.0,6716944384.0
2022-12-12,000001,13.58,13.58,13.06,13.11,1392584.0,1848278016.0
2022-12-12,600519,1715.86,1766.0,1715.0,1739.02,34755.0,6063957504.0
2022-12-13,000001,13.15,13.36,13.14,13.24,902285.0,1194285312.0
2022-12-13,600519,1737.0,1760.69,1730.0,1750.0,21385.0,3735089152.0
2022-12-14,000001,13.23,13.4,13.08,13.23,974061.0,1287867904.0
2022-12-14,600519,1743.0,1780.8,1743.0,1770.87,29098.0,5141262336.0
2022-12-15,000001,13.14,13.28,12.94,13.1,835349.0,1094434048.0
2022-12-15,600519,1805.0,1816.0,1780.0,1786.99,30634.0,5497063424.0
2022-12-16,000001,13.02,13.4,13.02,13.34,924251.0,1225269120.0
2022-12-16,600519,1773.25,1791.0,1743.0,1786.87,33302.0,5901586944.0
2022-12-19,000001,13.33,13.47,12.95,13.04,1030866.0,1355435520.0
2022-12-19,600519,1798.8,1798.8,1760.17,1773.0,24987.0,4447236608.0
2022-12-20,000001,12.97,13.08,12.67,12.76,896212.0,1150630656.0
2022-12-20,600519,1765.33,1765.33,1682.45,1715.0,46198.0,7944120832.0
2022-12-21,000001,12.85,12.99,12.74,12.89,614589.0,791782464.0
2022-12-21,600519,1724.0,1739.0,1717.65,1739.0,22816.0,3948926208.0
2022-12-22,000001,13.0,13.15,12.9,12.95,672394.0,876159808.0
2022-12-22,600519,1756.7,1783.0,1745.0,1768.0,23175.0,4093861632.0
2022-12-23,000001,12.85,13.06,12.8,12.98,564426.0,730705984.0
2022-12-23,600519,1752.4,1782.0,1745.0,1771.0,17319.0,3063608320.0
2022-12-26,000001,12.99,13.04,12.71,12.77,797119.0,1021903936.0
2022-12-26,600519,1771.0,1771.0,1735.02,1742.06,21383.0,3749121024.0
2022-12-27,000001,12.87,13.22,12.87,13.11,886004.0,1160090112.0
2022-12-27,600519,1738.0,1747.15,1725.5,1733.0,17905.0,3109270272.0
2022-12-28,000001,13.16,13.38,13.0,13.14,791192.0,1042402112.0
2022-12-28,600519,1745.88,1747.0,1708.01,1733.0,21437.0,3699949056.0
2022-12-29,000001,13.07,13.13,12.85,13.03,666890.0,865144960.0
2022-12-29,600519,1717.0,1726.99,1701.05,1719.0,22417.0,3844499712.0
2022-12-30,000001,13.04,13.28,12.96,13.16,818036.0,1074756736.0
2022-12-30,600519,1736.0,1752.99,1727.0,1727.0,25333.0,4409544192.0
2023-01-03,000001,13.2,13.85,13.05,13.77,2194128.0,2971546880.0
2023-01-03,600519,1731.2,1738.43,1706.01,1730.01,26033.0,4487760384.0
2023-01-04,000001,13.71,14.42,13.63,14.32,2189682.0,3110729472.0
2023-01-04,600519,1730.0,1738.7,1716.0,1725.01,20415.0,3523582208.0
2023-01-05,000001,14.4,14.74,14.37,14.48,1665425.0,2417272320.0
2023-01-05,600519,1737.0,1801.0,1733.0,1801.0,47942.0,8541586944.0
2023-01-06,000001,14.5,14.72,14.48,14.62,1195744.0,1747915136.0
2023-01-06,600519,1806.12,1811.9,1787.0,1803.77,24903.0,4480838656.0
2023-01-09,000001,14.75,14.88,14.52,14.8,1057659.0,1561368448.0
2023-01-09,600519,1835.0,1849.98,1807.82,1841.2,30977.0,5684180992.0
2023-01-10,000001,14.76,14.89,14.39,14.44,1269423.0,1851093760.0
2023-01-10,600519,1839.06,1864.5,1830.5,1854.45,22731.0,4204783616.0
2023-01-11,000001,14.45,14.78,14.39,14.67,830566.0,1217450752.0
2023-01-11,600519,1856.0,1860.0,1836.84,1844.95,22720.0,4201487872.0
2023-01-12,000001,14.77,14.77,14.53,14.67,625694.0,914367680.0
2023-01-12,600519,1848.0,1856.0,1833.0,1834.0,17193.0,3162637056.0
2023-01-13,000001,14.67,14.95,14.55,14.95,949085.0,1407181056.0
2023-01-13,600519,1844.18,1888.0,1840.0,1887.0,31939.0,5969875968.0
2023-01-16,000001,14.95,15.28,14.85,15.08,1560039.0,2356399872.0
2023-01-16,600519,1886.0,1935.0,1881.0,1912.9,36848.0,7059982848.0
2023-01-17,000001,15.13,15.18,14.77,14.97,935834.0,1396151552.0
2023-01-17,600519,1913.16,1923.0,1895.0,1908.0,21299.0,4068321536.0
2023-01-18,000001,14.95,15.18,14.91,15.11,718434.0,1083362944.0
2023-01-18,600519,1914.0,1925.3,1890.0,1893.0,21062.0,4008665344.0
2023-01-19,000001,15.13,15.25,14.87,15.09,641875.0,963744640.0
2023-01-19,600519,1892.5,1892.52,1866.0,1880.21,23438.0,4401994240.0
2023-01-20,000001,15.16,15.24,15.0,15.13,608590.0,920144832.0
2023-01-20,600519,1889.19,1898.25,1858.0,1860.01,25608.0,4807355904.0
2023-01-30,000001,15.6,15.74,14.89,15.15,1374317.0,2096867712.0
2023-01-30,600519,1909.0,1909.0,1880.0,1888.0,35922.0,6799756800.0
2023-01-31,000001,15.24,15.51,14.96,14.99,1030497.0,1568639360.0
2023-01-31,600519,1896.5,1899.95,1833.07,1845.76,32990.0,6128311296.0
2023-02-01,000001,15.03,15.08,14.51,14.7,1653421.0,2426471936.0
2023-02-01,600519,1854.98,1859.0,1811.4,1844.97,33973.0,6244679168.0
2023-02-02,000001,14.74,14.78,14.27,14.6,1577900.0,2280744960.0
2023-02-02,600519,1848.38,1859.0,1826.0,1836.11,29758.0,5465509376.0
2023-02-03,000001,14.45,14.55,14.16,14.32,1246383.0,1782105856.0
2023-02-03,600519,1820.0,1826.0,1795.68,1818.0,34944.0,6324635136.0
2023-02-06,000001,14.1,14.13,13.86,14.0,1317610.0,1838428672.0
2023-02-06,600519,1780.0,1795.0,1760.0,1795.0,42660.0,7595739136.0
2023-02-07,000001,14.06,14.32,14.03,14.21,869460.0,1235297792.0
2023-02-07,600519,1808.08,1808.8,1787.73,1797.0,24321.0,4373671936.0
2023-02-08,000001,14.24,14.32,14.03,14.04,657892.0,928708928.0
2023-02-08,600519,1800.01,1805.97,1775.0,1784.0,16675.0,2980574720.0
2023-02-09,000001,14.01,14.3,13.96,14.13,830350.0,1174361984.0
2023-02-09,600519,1778.0,1829.75,1775.01,1818.0,29753.0,5401399296.0
2023-02-10,000001,14.1,14.12,13.86,13.98,847283.0,1184283392.0
2023-02-10,600519,1810.1,1818.49,1801.05,1810.0,17984.0,3253859328.0
2023-02-13,000001,13.94,13.94,13.6,13.82,1800054.0,2473405184.0
2023-02-13,600519,1810.0,1874.5,1810.0,1856.35,38146.0,7058382336.0
2023-02-14,000001,13.85,13.98,13.8,13.96,909937.0,1263892096.0
2023-02-14,600519,1856.46,1857.4,1835.0,1843.79,19565.0,3601769472.0
2023-02-15,000001,13.95,13.96,13.62,13.67,1250244.0,1713566720.0
2023-02-15,600519,1843.78,1855.3,1835.81,1841.0,18176.0,3351422208.0
2023-02-16,000001,13.68,13.91,13.5,13.6,1279123.0,1757431040.0
2023-02-16,600519,1841.34,1887.0,1828.0,1861.82,33245.0,6196915200.0
2023-02-17,000001,13.63,13.72,13.43,13.43,918363.0,1246777344.0
2023-02-17,600519,1850.16,1873.0,1820.05,1820.78,26442.0,4880328704.0
2023-02-20,000001,13.5,14.15,13.49,14.15,2116191.0,2945969664.0
2023-02-20,600519,1821.0,1878.8,1817.2,1875.0,29668.0,5488800256.0
2023-02-21,000001,14.06,14.2,13.92,14.1,990494.0,1393153408.0
2023-02-21,600519,1874.0,1874.0,1851.0,1867.0,18750.0,3491633408.0
2023-02-22,000001,14.0,14.12,13.94,14.02,638922.0,895742528.0
2023-02-22,600519,1855.01,1863.9,1831.8,1836.0,21869.0,4031015936.0
2023-02-23,000001,14.0,14.32,13.98,14.05,824490.0,1165539840.0
2023-02-23,600519,1840.0,1848.8,1805.25,1818.0,21880.0,3983991296.0
2023-02-24,000001,14.02,14.03,13.8,13.86,729989.0,1012652992.0
2023-02-24,600519,1810.11,1810.19,1782.18,1788.0,24634.0,4415621632.0
2023-02-27,000001,13.75,13.88,13.68,13.69,621461.0,854854016.0
2023-02-27,600519,1778.5,1815.0,1775.02,1810.41,22064.0,3978128640.0
2023-02-28,000001,13.75,13.85,13.61,13.78,607935.0,833316032.0
2023-02-28,600519,1819.0,1822.01,1783.3,1813.74,23951.0,4314876928.0
2023-03-01,000001,13.8,14.19,13.74,14.17,1223451.0,1719710592.0
2023-03-01,600519,1813.0,1848.0,1803.23,1838.53,24458.0,4475592192.0
2023-03-02,000001,14.13,14.44,14.06,14.24,1015876.0,1447565952.0
2023-03-02,600519,1829.0,1838.99,1821.1,1828.0,13144.0,2405292288.0
2023-03-03,000001,14.35,14.37,14.14,14.29,690954.0,985552128.0
2023-03-03,600519,1839.77,1841.61,1802.48,1818.04,16198.0,2946842624.0
2023-03-06,000001,14.3,14.3,13.72,13.85,1455824.0,2023954560.0
2023-03-06,600519,1818.18,1818.5,1796.77,1807.14,20645.0,3730079488.0
2023-03-07,000001,13.85,14.1,13.65,13.69,1279266.0,1773654784.0
2023-03-07,600519,1805.98,1816.6,1788.0,1788.3,22785.0,4101302528.0
2023-03-08,000001,13.63,13.64,13.4,13.53,1096897.0,1479838976.0
2023-03-08,600519,1780.02,1785.94,1761.12,1770.42,22763.0,4035787264.0
2023-03-09,000001,13.54,13.58,13.13,13.2,1736064.0,2305765888.0
2023-03-09,600519,1768.0,1785.0,1740.0,1770.02,27611.0,4881442816.0
2023-03-10,000001,13.0,13.27,13.0,13.14,856996.0,1128558336.0
2023-03-10,600519,1751.57,1781.0,1750.0,1750.0,21160.0,3725139200.0
2023-03-13,000001,13.12,13.29,13.0,13.05,1000634.0,1309490048.0
2023-03-13,600519,1751.0,1775.0,1749.0,1762.0,20560.0,3626476288.0
2023-03-14,000001,12.99,13.0,12.73,12.87,1149075.0,1474124160.0
2023-03-14,600519,1763.78,1779.88,1738.5,1766.0,23704.0,4177288960.0
2023-03-15,000001,13.05,13.18,12.94,13.05,979363.0,1278262272.0
2023-03-15,600519,1778.37,1784.88,1750.12,1750.92,19212.0,3392698368.0
2023-03-16,000001,12.89,13.03,12.8,12.82,916792.0,1182054400.0
2023-03-16,600519,1740.0,1770.0,1739.01,1751.99,17646.0,3096791040.0
2023-03-17,000001,12.99,13.04,12.65,12.75,1556814.0,2000832384.0
2023-03-17,600519,1770.0,1775.89,1736.0,1742.0,27022.0,4744249344.0
2023-03-20,000001,12.76,12.85,12.55,12.57,1188816.0,1505893632.0
2023-03-20,600519,1751.0,1755.0,1728.0,1729.6,20490.0,3557872128.0
2023-03-21,000001,12.65,12.78,12.5,12.7,840743.0,1060914048.0
2023-03-21,600519,1735.0,1785.85,1723.97,1775.0,31141.0,5491052032.0
2023-03-22,000001,12.75,12.88,12.71,12.79,876690.0,1121080704.0
2023-03-22,600519,1780.0,1793.0,1765.55,1773.35,15330.0,2727648768.0
2023-03-23,000001,12.7,12.9,12.63,12.9,804306.0,1029380480.0
2023-03-23,600519,1766.0,1791.11,1765.01,1774.86,17355.0,3082821632.0
2023-03-24,000001,12.85,12.86,12.76,12.82,621518.0,796319552.0
2023-03-24,600519,1769.08,1783.6,1766.0,1778.62,12769.0,2269649152.0
2023-03-27,000001,12.8,12.81,12.46,12.6,1008422.0,1266945024.0
2023-03-27,600519,1778.6,1778.6,1756.0,1767.79,15295.0,2700755968.0
2023-03-28,000001,12.66,12.73,12.55,12.64,673868.0,851797888.0
2023-03-28,600519,1770.0,1790.0,1765.02,1781.8,17261.0,3073113088.0
2023-03-29,000001,12.73,12.74,12.5,12.53,596064.0,750687552.0
2023-03-29,600519,1799.0,1800.0,1785.07,1790.0,15392.0,2761909248.0
2023-03-30,000001,12.55,12.71,12.41,12.68,824546.0,1035422912.0
2023-03-30,600519,1793.0,1805.0,1779.0,1800.0,19257.0,3453573120.0
2023-03-31,000001,12.69,12.77,12.51,12.53,865491.0,1092263424.0
2023-03-31,600519,1825.0,1848.0,1819.0,1820.0,27446.0,5024790528.0
2023-04-03,000001,12.55,12.69,12.46,12.67,740428.0,934285184.0
2023-04-03,600519,1825.0,1827.77,1800.08,1802.07,21417.0,3875811584.0
2023-04-04,000001,12.64,12.72,12.59,12.65,647457.0,817726528.0
2023-04-04,600519,1812.0,1815.17,1787.0,1814.59,20066.0,3614275328.0
2023-04-06,000001,12.6,12.61,12.5,12.58,563321.0,706480640.0
2023-04-06,600519,1805.0,1815.9,1788.22,1796.96,14874.0,2676251904.0
2023-04-07,000001,12.57,12.69,12.5,12.62,607925.0,767354816.0
2023-04-07,600519,1795.0,1806.01,1788.34,1790.99,13524.0,2428160512.0
2023-04-10,000001,12.64,12.7,12.58,12.68,640181.0,809943168.0
2023-04-10,600519,1790.88,1790.88,1744.0,1771.7,29418.0,5171150336.0
2023-04-11,000001,12.7,12.72,12.52,12.54,777779.0,978302912.0
2023-04-11,600519,1793.0,1793.0,1744.0,1745.5,29209.0,5138854400.0
2023-04-12,000001,12.58,12.59,12.45,12.48,909957.0,1136997760.0
2023-04-12,600519,1747.26,1750.0,1692.82,1694.1,51104.0,8732657664.0
2023-04-13,000001,12.41,12.67,12.3,12.56,1131591.0,1413918976.0
2023-04-13,600519,1690.0,1723.59,1684.01,1723.0,29542.0,5049310208.0
2023-04-14,000001,12.6,12.9,12.58,12.69,1297994.0,1653539584.0
2023-04-14,600519,1726.0,1733.0,1704.8,1713.42,21231.0,3646526720.0
2023-04-17,000001,12.66,12.94,12.6,12.93,1304212.0,1669357696.0
2023-04-17,600519,1740.0,1753.0,1728.0,1753.0,30467.0,5303401472.0
2023-04-18,000001,12.93,13.2,12.89,13.0,1538936.0,2009934848.0
2023-04-18,600519,1753.0,1769.0,1746.02,1758.0,18313.0,3220107520.0
2023-04-19,000001,13.02,13.07,12.83,12.85,1014378.0,1309536000.0
2023-04-19,600519,1762.0,1765.5,1750.0,1759.0,14600.0,2568632832.0
2023-04-20,000001,12.9,12.9,12.62,12.75,811788.0,1033330688.0
2023-04-20,600519,1760.11,1765.0,1729.0,1741.88,19885.0,3468366848.0
2023-04-21,000001,12.7,12.83,12.48,12.5,918668.0,1160509824.0
2023-04-21,600519,1746.0,1748.08,1721.28,1725.47,18517.0,3210937344.0
2023-04-24,000001,12.48,12.5,12.03,12.1,1467672.0,1798134016.0
2023-04-24,600519,1721.0,1722.0,1701.0,1705.0,20230.0,3456728832.0
2023-04-25,000001,12.14,12.37,12.12,12.28,1301900.0,1595320192.0
2023-04-25,600519,1706.0,1735.98,1702.0,1730.38,20582.0,3534989824.0
2023-04-26,000001,12.25,12.25,11.99,12.12,991260.0,1197555712.0
2023-04-26,600519,1744.0,1761.0,1720.0,1743.91,27891.0,4861477888.0
2023-04-27,000001,12.06,12.35,12.0,12.26,1004093.0,1222755968.0
2023-04-27,600519,1748.0,1770.0,1730.0,1757.92,25605.0,4489906688.0
2023-04-28,000001,12.26,12.78,12.22,12.55,1445254.0,1816868096.0
2023-04-28,600519,1763.01,1782.77,1753.97,1760.52,26224.0,4636084224.0
2023-05-04,000001,12.4,12.83,12.19,12.73,1478264.0,1863146112.0
2023-05-04,600519,1769.0,1777.67,1736.0,1749.9,27466.0,4818999808.0
2023-05-05,000001,12.78,13.11,12.75,12.91,1762188.0,2283981056.0
2023-05-05,600519,1766.0,1766.0,1736.39,1750.0,20714.0,3621305856.0
2023-05-08,000001,12.94,13.49,12.84,13.32,2630718.0,3478891520.0
2023-05-08,600519,1768.32,1769.0,1717.17,1720.52,33171.0,5742916096.0
2023-05-09,000001,13.4,13.6,13.13,13.16,2422534.0,3238716416.0
2023-05-09,600519,1715.0,1739.98,1707.07,1722.0,29377.0,5057346560.0
2023-05-10,000001,13.17,13.26,12.8,12.84,1237053.0,1600189952.0
2023-05-10,600519,1715.19,1736.0,1715.0,1725.0,20772.0,3588550912.0
2023-05-11,000001,12.95,13.12,12.8,12.85,903758.0,1166479360.0
2023-05-11,600519,1731.0,1735.0,1715.0,1717.07,15246.0,2623835904.0
2023-05-12,000001,12.82,12.87,12.61,12.62,885603.0,1124579072.0
2023-05-12,600519,1715.0,1729.88,1705.01,1706.4,19460.0,3335038464.0
2023-05-15,000001,12.68,12.85,12.45,12.83,928325.0,1173804288.0
2023-05-15,600519,1702.0,1717.0,1691.2,1716.3,25740.0,4384648192.0
2023-05-16,000001,12.8,12.92,12.57,12.62,998301.0,1267712128.0
2023-05-16,600519,1713.99,1719.99,1697.0,1703.29,22223.0,3785811968.0
2023-05-17,000001,12.58,12.64,12.44,12.49,754621.0,945315200.0
2023-05-17,600519,1708.0,1713.0,1699.01,1701.0,16776.0,2858697984.0
2023-05-18,000001,12.57,12.64,12.43,12.49,687186.0,861347520.0
2023-05-18,600519,1704.99,1705.4,1690.0,1691.0,19219.0,3260170752.0
2023-05-19,000001,12.43,12.44,12.32,12.34,688413.0,851165568.0
2023-05-19,600519,1671.0,1704.33,1655.55,1699.5,26741.0,4504022528.0
2023-05-22,000001,12.31,12.45,12.31,12.38,549327.0,679754880.0
2023-05-22,600519,1690.01,1752.0,1690.0,1746.0,41284.0,7165754368.0
2023-05-23,000001,12.38,12.41,12.21,12.21,694364.0,852871168.0
2023-05-23,600519,1753.99,1754.0,1724.55,1724.55,16894.0,2934118400.0
2023-05-24,000001,12.2,12.21,12.01,12.01,824250.0,996600576.0
2023-05-24,600519,1732.33,1733.55,1710.11,1710.9,18479.0,3182416384.0
2023-05-25,000001,11.99,12.0,11.81,11.93,882744.0,1050002560.0
2023-05-25,600519,1705.99,1710.0,1690.0,1701.0,22465.0,3814504192.0
2023-05-26,000001,11.93,12.13,11.84,12.1,511428.0,613772928.0
2023-05-26,600519,1702.0,1705.0,1675.01,1690.56,18291.0,3090691584.0
2023-05-29,000001,12.11,12.13,11.95,11.98,566073.0,680275584.0
2023-05-29,600519,1697.0,1698.35,1678.0,1689.0,17771.0,2998147072.0
2023-05-30,000001,11.98,11.99,11.8,11.87,763996.0,906316352.0
2023-05-30,600519,1689.0,1698.89,1658.56,1668.29,26453.0,4424706560.0
2023-05-31,000001,11.82,11.84,11.58,11.6,1179586.0,1376758400.0
2023-05-31,600519,1661.01,1665.72,1626.67,1628.9,36956.0,6053737472.0
2023-06-01,000001,11.6,11.68,11.5,11.59,743022.0,861646464.0
2023-06-01,600519,1618.0,1674.99,1618.0,1635.92,28645.0,4708722688.0
2023-06-02,000001,11.68,11.97,11.64,11.93,1221842.0,1446502656.0
2023-06-02,600519,1645.0,1673.15,1636.11,1670.6,25058.0,4163116288.0
2023-06-05,000001,11.88,12.0,11.82,11.91,521846.0,620531392.0
2023-06-05,600519,1666.16,1682.88,1663.0,1665.0,16200.0,2704294400.0
2023-06-06,000001,11.91,12.09,11.82,11.84,833273.0,997039296.0
2023-06-06,600519,1670.0,1684.0,1651.55,1666.99,19913.0,3326778112.0
2023-06-07,000001,11.89,12.07,11.88,11.94,643697.0,770386880.0
2023-06-07,600519,1672.99,1678.8,1650.0,1650.9,17889.0,2971782144.0
2023-06-08,000001,11.96,12.2,11.86,12.12,869397.0,1048266240.0
2023-06-08,600519,1655.83,1675.0,1650.01,1668.0,14702.0,2441569792.0
2023-06-09,000001,12.06,12.09,11.85,11.88,1315284.0,1566929280.0
2023-06-09,600519,1671.99,1677.97,1666.0,1666.0,17580.0,2938014208.0
2023-06-12,000001,11.82,11.9,11.76,11.79,758747.0,896015680.0
2023-06-12,600519,1666.02,1708.0,1661.52,1696.0,27029.0,4562308608.0
2023-06-13,000001,11.76,11.84,11.69,11.77,849988.0,1000183552.0
2023-06-13,600519,1693.88,1704.61,1685.0,1699.0,14662.0,2485398784.0
2023-06-14,000001,11.55,11.73,11.46,11.47,1069200.0,1237376768.0
2023-06-14,600519,1719.0,1734.24,1706.21,1726.88,31505.0,5438040576.0
2023-06-15,000001,11.49,11.63,11.39,11.61,925300.0,1064567232.0
2023-06-15,600519,1730.34,1755.65,1723.0,1755.0,25222.0,4395900928.0
2023-06-16,000001,11.61,11.67,11.57,11.63,842033.0,978869312.0
2023-06-16,600519,1757.0,1800.0,1750.1,1797.69,37917.0,6742301184.0
2023-06-19,000001,11.63,11.63,11.41,11.45,953997.0,1096351104.0
2023-06-19,600519,1790.0,1797.95,1738.0,1744.0,31699.0,5584248832.0
2023-06-20,000001,11.44,11.46,11.35,11.36,544550.0,620374336.0
2023-06-20,600519,1740.0,1765.0,1735.0,1743.46,20946.0,3659824640.0
2023-06-21,000001,11.36,11.48,11.34,11.35,616582.0,703681536.0
2023-06-21,600519,1740.0,1756.6,1735.0,1735.83,17720.0,3088635904.0
2023-06-26,000001,11.3,11.3,11.15,11.18,676577.0,757976000.0
2023-06-26,600519,1720.11,1730.0,1695.0,1709.0,23992.0,4098619392.0
2023-06-27,000001,11.2,11.32,11.17,11.28,461701.0,519520672.0
2023-06-27,600519,1709.99,1719.7,1700.09,1711.05,15174.0,2598138624.0
2023-06-28,000001,11.28,11.33,11.22,11.3,365396.0,412039360.0
2023-06-28,600519,1713.18,1734.0,1711.0,1728.38,18573.0,3199294208.0
2023-06-29,000001,11.29,11.29,11.17,11.18,485906.0,544534848.0
2023-06-29,600519,1731.0,1734.99,1713.01,1713.71,14231.0,2446524160.0
2023-06-30,000001,11.18,11.31,11.15,11.23,519052.0,583494656.0
2023-06-30,600519,1700.0,1708.99,1686.48,1691.0,20458.0,3472586752.0
2023-07-03,000001,11.24,11.53,11.23,11.49,885090.0,1009887424.0
2023-07-03,600519,1699.0,1725.28,1692.0,1724.1,19139.0,3286737920.0
2023-07-04,000001,11.46,11.49,11.32,11.4,616300.0,701885248.0
2023-07-04,600519,1724.2,1734.44,1718.08,1730.6,12472.0,2155553536.0
2023-07-05,000001,11.36,11.4,11.3,11.34,423482.0,479726272.0
2023-07-05,600519,1730.0,1731.97,1700.0,1715.38,14745.0,2523960832.0
2023-07-06,000001,11.3,11.34,11.21,11.24,597095.0,672396800.0
2023-07-06,600519,1709.16,1733.0,1700.0,1702.98,15140.0,2589458944.0
2023-07-07,000001,11.2,11.27,11.18,11.2,484440.0,543212480.0
2023-07-07,600519,1701.0,1708.99,1690.0,1690.03,15167.0,2571458560.0
2023-07-10,000001,11.25,11.28,11.17,11.2,495882.0,556581568.0
2023-07-10,600519,1705.0,1714.96,1700.0,1700.9,13477.0,2298241792.0
2023-07-11,000001,11.22,11.26,11.19,11.21,570809.0,640131776.0
2023-07-11,600519,1710.0,1715.17,1702.1,1710.0,12582.0,2151079168.0
2023-07-12,000001,11.23,11.36,11.22,11.24,736083.0,830230848.0
2023-07-12,600519,1713.04,1723.0,1711.33,1713.8,13284.0,2280785408.0
2023-07-13,000001,11.32,11.47,11.27,11.43,1124229.0,1281848320.0
2023-07-13,600519,1721.99,1745.41,1719.01,1738.4,25806.0,4479772672.0
2023-07-14,000001,11.43,11.55,11.4,11.46,719146.0,825295744.0
2023-07-14,600519,1756.0,1758.5,1741.2,1753.0,18550.0,3245530368.0
2023-07-17,000001,11.41,11.41,11.26,11.31,608342.0,687262912.0
2023-07-17,600519,1751.0,1751.0,1726.6,1729.97,14336.0,2482069760.0
2023-07-18,000001,11.29,11.32,11.22,11.25,471966.0,531299776.0
2023-07-18,600519,1733.58,1734.51,1721.0,1722.8,14737.0,2544005120.0
2023-07-19,000001,11.23,11.32,11.23,11.31,382195.0,430771264.0
2023-07-19,600519,1715.01,1728.0,1713.8,1723.0,12483.0,2147704320.0
2023-07-20,000001,11.33,11.44,11.29,11.32,554069.0,629696128.0
2023-07-20,600519,1727.99,1748.98,1722.0,1724.0,16692.0,2897176576.0
2023-07-21,000001,11.31,11.39,11.28,11.34,377102.0,427375936.0
2023-07-21,600519,1731.88,1772.5,1726.0,1771.3,39377.0,6931535872.0
2023-07-24,000001,11.33,11.33,11.24,11.26,426852.0,480713408.0
2023-07-24,600519,1750.52,1771.15,1750.52,1771.15,19713.0,3476648192.0
2023-07-25,000001,11.45,11.73,11.44,11.72,2032958.0,2358815232.0
2023-07-25,600519,1800.0,1828.88,1799.99,1828.55,43086.0,7837450240.0
2023-07-26,000001,11.65,11.74,11.56,11.67,751662.0,875260160.0
2023-07-26,600519,1828.55,1835.99,1815.08,1828.55,19611.0,3580171520.0
2023-07-27,000001,11.68,11.87,11.65,11.75,1115195.0,1314228352.0
2023-07-27,600519,1836.0,1854.79,1828.7,1838.03,20340.0,3749635328.0
2023-07-28,000001,11.69,12.3,11.67,12.26,2347013.0,2839828224.0
2023-07-28,600519,1832.0,1900.0,1828.01,1897.0,39017.0,7330314240.0
2023-07-31,000001,12.3,12.5,12.23,12.32,1854952.0,2288940288.0
2023-07-31,600519,1908.0,1935.0,1874.0,1880.58,45378.0,8615279616.0
2023-08-01,000001,12.26,12.37,12.13,12.16,957734.0,1169570688.0
2023-08-01,600519,1878.01,1906.95,1877.89,1889.0,19230.0,3635857408.0
2023-08-02,000001,12.06,12.24,11.93,12.03,1115900.0,1343864192.0
2023-08-02,600519,1883.4,1890.0,1866.8,1880.0,18508.0,3478674176.0
2023-08-03,000001,11.99,12.37,11.95,12.33,1175847.0,1433255552.0
2023-08-03,600519,1870.0,1890.0,1850.5,1878.47,21543.0,4031087616.0
2023-08-04,000001,12.42,12.53,12.21,12.3,1303131.0,1611435392.0
2023-08-04,600519,1887.82,1906.52,1882.0,1893.47,24573.0,4655813632.0
2023-08-07,000001,12.21,12.25,12.12,12.16,646913.0,786506432.0
2023-08-07,600519,1880.95,1898.0,1871.03,1887.93,23892.0,4491893248.0
2023-08-08,000001,12.12,12.21,12.0,12.1,725704.0,877489216.0
2023-08-08,600519,1880.03,1893.71,1864.08,1890.0,17736.0,3333559552.0
2023-08-09,000001,12.06,12.2,12.05,12.17,577607.0,702060800.0
2023-08-09,600519,1890.0,1905.0,1882.96,1890.28,18523.0,3506306304.0
2023-08-10,000001,12.15,12.21,12.06,12.16,475594.0,577123904.0
2023-08-10,600519,1882.0,1889.0,1862.3,1875.0,18436.0,3454219264.0
2023-08-11,000001,12.17,12.27,11.89,11.89,943538.0,1132867200.0
2023-08-11,600519,1885.0,1885.4,1833.88,1834.0,26786.0,4959166976.0
2023-08-14,000001,11.76,11.78,11.59,11.67,975920.0,1139185280.0
2023-08-14,600519,1810.0,1824.98,1796.0,1803.0,23731.0,4285362176.0
2023-08-15,000001,11.69,11.8,11.6,11.73,712812.0,834163008.0
2023-08-15,600519,1809.0,1818.0,1801.01,1812.98,14817.0,2682125056.0
2023-08-16,000001,11.67,11.85,11.61,11.73,572904.0,671706048.0
2023-08-16,600519,1807.58,1823.35,1806.0,1820.0,13184.0,2396261888.0
2023-08-17,000001,11.67,11.7,11.46,11.57,965057.0,1116292608.0
2023-08-17,600519,1806.08,1834.0,1801.55,1828.05,17290.0,3141408000.0
2023-08-18,000001,11.58,11.74,11.53,11.56,659818.0,767047296.0
2023-08-18,600519,1831.99,1834.99,1802.59,1802.59,17023.0,3084761600.0
2023-08-21,000001,11.56,11.58,11.32,11.32,701497.0,799641408.0
2023-08-21,600519,1793.0,1813.99,1790.07,1791.0,18911.0,3405415680.0
2023-08-22,000001,11.38,11.45,11.31,11.37,606808.0,689991232.0
2023-08-22,600519,1800.99,1802.56,1771.02,1788.0,26650.0,4763131392.0
2023-08-23,000001,11.35,11.42,11.24,11.25,691810.0,783102848.0
2023-08-23,600519,1797.0,1800.0,1770.08,1774.0,19912.0,3556178688.0
2023-08-24,000001,11.29,11.32,11.05,11.13,1291270.0,1439197056.0
2023-08-24,600519,1779.62,1828.0,1775.0,1816.3,26055.0,4703417344.0
2023-08-25,000001,11.1,11.33,11.08,11.23,845349.0,946760256.0
2023-08-25,600519,1808.79,1837.77,1806.01,1824.98,18830.0,3433296640.0
2023-08-28,000001,11.84,11.93,11.49,11.52,1997609.0,2336205824.0
2023-08-28,600519,1898.58,1898.58,1831.88,1834.97,41052.0,7633221120.0
2023-08-29,000001,11.47,11.49,11.13,11.31,1964961.0,2217588736.0
2023-08-29,600519,1828.0,1869.08,1828.0,1851.33,28950.0,5371260416.0
2023-08-30,000001,11.27,11.27,11.13,11.13,1375638.0,1537573504.0
2023-08-30,600519,1867.9,1868.0,1843.66,1856.0,19811.0,3672570368.0
2023-08-31,000001,11.14,11.22,11.12,11.13,806474.0,900123584.0
2023-08-31,600519,1860.0,1860.0,1841.01,1847.0,14820.0,2738445568.0
2023-09-01,000001,11.19,11.36,11.19,11.32,1138704.0,1285169024.0
2023-09-01,600519,1852.83,1865.47,1846.03,1851.05,13145.0,2438622720.0
2023-09-04,000001,11.35,11.59,11.33,11.56,1410029.0,1621769216.0
2023-09-04,600519,1862.6,1879.94,1853.53,1866.0,23871.0,4453822976.0
2023-09-05,000001,11.5,11.51,11.36,11.39,804177.0,917888832.0
2023-09-05,600519,1868.0,1868.0,1856.8,1858.7,15658.0,2915625984.0
2023-09-06,000001,11.33,11.46,11.3,11.43,634840.0,721905664.0
2023-09-06,600519,1858.0,1866.66,1849.01,1861.0,11121.0,2067606016.0
2023-09-07,000001,11.4,11.44,11.32,11.33,540041.0,613812160.0
2023-09-07,600519,1852.6,1856.89,1831.19,1838.0,16981.0,3128587008.0
2023-09-08,000001,11.28,11.32,11.23,11.27,479029.0,539624960.0
2023-09-08,600519,1834.94,1834.94,1814.95,1818.5,12211.0,2224338176.0
2023-09-11,000001,11.3,11.4,11.27,11.34,654485.0,741764928.0
2023-09-11,600519,1808.0,1840.0,1808.0,1822.17,15926.0,2902617856.0
2023-09-12,000001,11.35,11.35,11.25,11.28,495485.0,559058560.0
2023-09-12,600519,1826.6,1826.98,1816.02,1819.96,12168.0,2214514176.0
2023-09-13,000001,11.29,11.32,11.21,11.25,490217.0,551747648.0
2023-09-13,600519,1829.92,1829.92,1800.05,1819.91,19501.0,3540583680.0
2023-09-14,000001,11.28,11.33,11.25,11.29,551650.0,622906048.0
2023-09-14,600519,1822.53,1826.98,1806.0,1818.69,17504.0,3180447744.0
2023-09-15,000001,11.35,11.4,11.2,11.22,890476.0,1005529152.0
2023-09-15,600519,1819.0,1819.78,1781.3,1781.99,28431.0,5105748992.0
2023-09-18,000001,11.22,11.24,11.14,11.23,501325.0,561449792.0
2023-09-18,600519,1776.31,1829.5,1773.0,1829.2,32558.0,5905120768.0
2023-09-19,000001,11.22,11.23,11.16,11.21,503664.0,564044032.0
2023-09-19,600519,1822.2,1829.0,1808.0,1826.94,14989.0,2727858944.0
2023-09-20,000001,11.2,11.22,11.15,11.15,558872.0,624785472.0
2023-09-20,600519,1822.0,1830.0,1818.05,1824.0,12501.0,2281583872.0
2023-09-21,000001,11.14,11.14,11.04,11.05,843930.0,934673216.0
2023-09-21,600519,1818.01,1822.0,1798.39,1798.39,19489.0,3521486848.0
2023-09-22,000001,11.03,11.25,11.03,11.24,911484.0,1017137920.0
2023-09-22,600519,1805.63,1849.96,1792.41,1849.0,34390.0,6287832576.0
2023-09-25,000001,11.24,11.32,11.19,11.22,761211.0,856022528.0
2023-09-25,600519,1847.5,1848.0,1826.59,1832.38,13979.0,2565773568.0
2023-09-26,000001,11.22,11.26,11.14,11.16,444980.0,497885824.0
2023-09-26,600519,1828.0,1834.88,1813.1,1816.0,15761.0,2870852352.0
2023-09-27,000001,11.15,11.22,11.15,11.17,490310.0,547905792.0
2023-09-27,600519,1815.0,1833.5,1802.8,1814.0,20879.0,3791876096.0
2023-09-28,000001,11.19,11.24,11.18,11.2,520696.0,583649728.0
2023-09-28,600519,1824.98,1824.98,1797.8,1798.55,20537.0,3704813056.0
2023-10-09,000001,11.16,11.17,11.06,11.11,695828.0,772959360.0
2023-10-09,600519,1796.94,1796.94,1764.9,1777.0,29762.0,5279950336.0
2023-10-10,000001,11.19,11.2,11.02,11.02,820748.0,910160320.0
2023-10-10,600519,1782.89,1798.98,1768.0,1770.0,20283.0,3615557120.0
2023-10-11,000001,11.09,11.09,10.96,10.98,724115.0,797663808.0
2023-10-11,600519,1784.65,1784.65,1768.0,1778.5,21944.0,3896568576.0
2023-10-12,000001,11.11,11.16,11.04,11.11,853057.0,947562304.0
2023-10-12,600519,1797.9,1798.23,1777.2,1786.0,14865.0,2657095936.0
2023-10-13,000001,11.03,11.07,10.95,11.0,684483.0,753110720.0
2023-10-13,600519,1770.88,1778.01,1738.19,1751.0,25027.0,4387687936.0
2023-10-16,000001,11.0,11.03,10.95,11.01,501624.0,550988736.0
2023-10-16,600519,1750.98,1756.0,1722.45,1729.9,20789.0,3603604736.0
2023-10-17,000001,11.01,11.05,10.96,11.02,493525.0,543170880.0
2023-10-17,600519,1739.0,1739.44,1716.0,1726.0,14945.0,2577312256.0
2023-10-18,000001,10.99,11.02,10.91,10.95,651824.0,713979904.0
2023-10-18,600519,1718.8,1742.0,1717.18,1728.0,20317.0,3511987456.0
2023-10-19,000001,10.91,10.92,10.59,10.6,1188960.0,1271914624.0
2023-10-19,600519,1700.0,1700.03,1626.03,1630.0,73492.0,12146921472.0
2023-10-20,000001,10.55,10.67,10.51,10.6,526139.0,557618624.0
2023-10-20,600519,1630.0,1655.0,1616.25,1645.0,45376.0,7421390848.0
2023-10-23,000001,10.59,10.6,10.43,10.5,530404.0,557032256.0
2023-10-23,600519,1629.97,1660.0,1621.6,1643.98,25234.0,4138279680.0
2023-10-24,000001,10.54,10.61,10.44,10.55,760652.0,801528384.0
2023-10-24,600519,1648.0,1653.36,1621.21,1642.95,29861.0,4894807552.0
2023-10-25,000001,10.51,10.54,10.36,10.38,1411449.0,1470971904.0
2023-10-25,600519,1670.11,1698.0,1667.02,1677.5,36178.0,6075417088.0
2023-10-26,000001,10.31,10.42,10.3,10.41,599991.0,621915264.0
2023-10-26,600519,1667.0,1688.0,1662.01,1672.23,22386.0,3741418752.0
2023-10-27,000001,10.38,10.48,10.33,10.45,919771.0,957587520.0
2023-10-27,600519,1664.0,1691.88,1660.6,1676.71,34262.0,5754795520.0
2023-10-30,000001,10.4,10.47,10.35,10.45,805689.0,837646016.0
2023-10-30,600519,1669.0,1688.88,1669.0,1681.0,24086.0,4050573056.0
2023-10-31,000001,10.43,10.49,10.41,10.46,652855.0,682212160.0
2023-10-31,600519,1680.0,1690.0,1667.85,1684.58,19858.0,3335804672.0
2023-11-01,000001,10.55,10.56,10.45,10.48,567300.0,595211904.0
2023-11-01,600519,1850.0,1850.0,1773.79,1780.99,93143.0,16747292672.0
2023-11-02,000001,10.5,10.6,10.47,10.48,619429.0,652316672.0
2023-11-02,600519,1795.0,1795.0,1776.06,1779.5,27907.0,4982090752.0
2023-11-03,000001,10.49,10.52,10.43,10.48,705463.0,738879680.0
2023-11-03,600519,1780.0,1814.89,1774.0,1811.24,30176.0,5433116672.0
2023-11-06,000001,10.51,10.69,10.51,10.69,1007062.0,1069206848.0
2023-11-06,600519,1820.0,1823.79,1801.12,1812.0,25523.0,4624102400.0
2023-11-07,000001,10.66,10.66,10.58,10.6,640866.0,679815552.0
2023-11-07,600519,1805.0,1810.0,1784.08,1791.17,19581.0,3511590144.0
2023-11-08,000001,10.58,10.6,10.45,10.5,877818.0,923622016.0
2023-11-08,600519,1784.05,1803.8,1782.87,1798.34,14545.0,2610041856.0
2023-11-09,000001,10.46,10.52,10.43,10.49,639136.0,669639040.0
2023-11-09,600519,1790.11,1799.0,1783.0,1794.11,12800.0,2291996928.0
2023-11-10,000001,10.45,10.47,10.29,10.3,1045044.0,1080649728.0
2023-11-10,600519,1780.55,1788.0,1773.1,1775.84,16465.0,2928380672.0
2023-11-13,000001,10.31,10.33,10.22,10.25,770043.0,789007104.0
2023-11-13,600519,1772.28,1784.88,1756.98,1764.0,18369.0,3244573696.0
2023-11-14,000001,10.24,10.33,10.23,10.27,596858.0,613377728.0
2023-11-14,600519,1764.0,1774.99,1760.01,1765.27,12816.0,2263963904.0
2023-11-15,000001,10.37,10.45,10.34,10.37,1109140.0,1152154752.0
2023-11-15,600519,1779.0,1782.89,1767.0,1772.93,18434.0,3271230208.0
2023-11-16,000001,10.38,10.39,10.23,10.24,922621.0,948395072.0
2023-11-16,600519,1774.0,1776.0,1760.05,1760.05,12557.0,2215937280.0
2023-11-17,000001,10.22,10.25,10.12,10.15,903362.0,917616704.0
2023-11-17,600519,1752.0,1759.0,1737.9,1753.42,21713.0,3793780992.0
2023-11-20,000001,10.15,10.22,10.1,10.19,639528.0,650077376.0
2023-11-20,600519,1755.0,1769.5,1736.66,1762.5,18608.0,3265513984.0
2023-11-21,000001,10.23,10.35,10.22,10.28,1041165.0,1072311488.0
2023-11-21,600519,1783.42,1798.0,1770.1,1790.0,30098.0,5383107584.0
2023-11-22,000001,10.26,10.31,10.14,10.16,737489.0,753064768.0
2023-11-22,600519,1783.3,1794.35,1780.54,1781.51,12664.0,2263460096.0
2023-11-23,000001,10.15,10.16,10.07,10.15,846655.0,855904320.0
2023-11-23,600519,1778.3,1788.0,1771.0,1786.0,11549.0,2055272192.0
2023-11-24,000001,10.11,10.13,10.08,10.1,684694.0,691423424.0
2023-11-24,600519,1789.0,1789.0,1775.0,1777.0,13085.0,2329345536.0
2023-11-27,000001,10.09,10.09,9.97,10.01,836187.0,836268352.0
2023-11-27,600519,1773.3,1773.3,1755.0,1763.0,16260.0,2865075200.0
2023-11-28,000001,9.99,10.02,9.95,9.95,786174.0,784405824.0
2023-11-28,600519,1761.0,1773.88,1758.0,1769.04,14519.0,2562905600.0
2023-11-29,000001,9.95,9.97,9.7,9.72,1467596.0,1438320256.0
2023-11-29,600519,1768.0,1776.0,1758.0,1774.71,17149.0,3034175488.0
2023-11-30,000001,9.69,9.73,9.62,9.68,901764.0,871481728.0
2023-11-30,600519,1776.72,1794.76,1771.08,1791.5,21353.0,3817513472.0
2023-12-01,000001,9.65,9.68,9.58,9.66,778056.0,749668352.0
2023-12-01,600519,1789.31,1789.7,1748.0,1760.28,33051.0,5830850048.0
2023-12-04,000001,9.67,9.68,9.61,9.63,605437.0,583664320.0
2023-12-04,600519,1760.28,1761.83,1745.28,1750.71,18440.0,3233102080.0
2023-12-05,000001,9.61,9.62,9.47,9.48,787378.0,750961216.0
2023-12-05,600519,1748.78,1748.88,1708.02,1709.0,29903.0,5168983552.0
2023-12-06,000001,9.44,9.57,9.4,9.5,753055.0,714029440.0
2023-12-06,600519,1702.63,1719.47,1701.13,1703.0,23851.0,4078002944.0
2023-12-07,000001,9.49,9.49,9.38,9.44,585380.0,552224832.0
2023-12-07,600519,1704.0,1709.08,1687.3,1700.0,25041.0,4249170944.0
2023-12-08,000001,9.41,9.45,9.3,9.3,1021151.0,957664576.0
2023-12-08,600519,1700.0,1708.84,1692.22,1704.92,26288.0,4474160128.0
2023-12-11,000001,9.22,9.38,9.13,9.35,1133662.0,1044765760.0
2023-12-11,600519,1690.0,1704.0,1657.0,1698.0,36830.0,6172810240.0
2023-12-12,000001,9.31,9.5,9.3,9.42,855016.0,805067648.0
2023-12-12,600519,1687.6,1709.99,1684.0,1709.99,21010.0,3564305920.0
2023-12-13,000001,9.38,9.39,9.15,9.16,1061301.0,981001216.0
2023-12-13,600519,1705.22,1705.72,1657.08,1660.0,38788.0,6480807424.0
2023-12-14,000001,9.21,9.28,9.15,9.15,742900.0,683211456.0
2023-12-14,600519,1665.96,1669.87,1635.02,1635.9,40672.0,6703240192.0
2023-12-15,000001,9.2,9.35,9.19,9.21,988939.0,915126144.0
2023-12-15,600519,1648.23,1677.77,1644.01,1645.0,37092.0,6140791808.0
2023-12-18,000001,9.18,9.24,9.09,9.13,654425.0,599379072.0
2023-12-18,600519,1640.0,1663.33,1635.0,1662.0,19897.0,3292194816.0
2023-12-19,000001,9.12,9.17,9.07,9.1,644070.0,586716672.0
2023-12-19,600519,1665.0,1679.87,1645.09,1675.0,22206.0,3706057472.0
2023-12-20,000001,9.11,9.15,9.03,9.03,715633.0,650511360.0
2023-12-20,600519,1658.0,1660.0,1643.0,1649.79,23092.0,3816133120.0
2023-12-21,000001,9.01,9.19,8.99,9.17,1017046.0,925407104.0
2023-12-21,600519,1640.01,1672.32,1640.01,1670.0,29011.0,4827827712.0
2023-12-22,000001,9.19,9.28,9.11,9.2,1005645.0,924998784.0
2023-12-22,600519,1669.7,1679.1,1658.01,1670.65,21666.0,3613238272.0
2023-12-25,000001,9.18,9.2,9.14,9.19,413970.0,379638240.0
2023-12-25,600519,1671.0,1678.6,1668.0,1672.0,12471.0,2086014336.0
2023-12-26,000001,9.19,9.2,9.07,9.1,541896.0,493746624.0
2023-12-26,600519,1672.5,1674.9,1657.5,1670.0,14771.0,2457177344.0
2023-12-27,000001,9.1,9.13,9.02,9.12,641534.0,582036672.0
2023-12-27,600519,1668.0,1677.15,1661.0,1667.06,16055.0,2679221248.0
2023-12-28,000001,9.11,9.47,9.08,9.45,1661591.0,1550256640.0
2023-12-28,600519,1670.99,1727.99,1667.06,1724.99,38338.0,6537401344.0
2023-12-29,000001,9.42,9.48,9.35,9.39,853852.0,803196736.0
2023-12-29,600519,1720.0,1749.58,1720.0,1726.0,27538.0,4768857600.0
2024-01-02,000001,9.39,9.42,9.21,9.21,1158366.0,1075742208.0
2024-01-02,600519,1715.0,1718.19,1678.1,1685.01,32156.0,5440082432.0
2024-01-03,000001,9.19,9.22,9.15,9.2,733610.0,673673600.0
2024-01-03,600519,1681.11,1695.22,1676.33,1694.0,20229.0,3411400704.0
2024-01-04,000001,9.19,9.19,9.08,9.11,864194.0,787470080.0
2024-01-04,600519,1693.0,1693.0,1662.93,1669.0,21551.0,3603970048.0
2024-01-05,000001,9.1,9.44,9.07,9.27,1991622.0,1852659712.0
2024-01-05,600519,1661.33,1678.66,1652.11,1663.36,20242.0,3373155584.0
2024-01-08,000001,9.23,9.3,9.11,9.15,1121156.0,1029006528.0
2024-01-08,600519,1661.0,1662.0,1640.01,1643.99,25586.0,4211918592.0
2024-01-09,000001,9.16,9.19,9.09,9.18,766193.0,700375744.0
2024-01-09,600519,1641.01,1652.32,1635.07,1641.0,24412.0,4009826560.0
2024-01-10,000001,9.16,9.19,9.09,9.09,858620.0,783771136.0
2024-01-10,600519,1641.1,1659.46,1638.0,1641.5,17350.0,2856120832.0
2024-01-11,000001,9.08,9.22,9.03,9.17,934686.0,853890240.0
2024-01-11,600519,1640.1,1657.94,1638.06,1646.57,16440.0,2708764416.0
2024-01-12,000001,9.13,9.27,9.11,9.19,772582.0,711018240.0
2024-01-12,600519,1639.97,1651.26,1639.4,1643.06,11603.0,1908084608.0
2024-01-15,000001,9.16,9.29,9.13,9.21,745132.0,685950976.0
2024-01-15,600519,1635.0,1654.97,1634.45,1640.0,17854.0,2931202304.0
2024-01-16,000001,9.19,9.35,9.16,9.34,1438312.0,1334465408.0
2024-01-16,600519,1638.5,1647.0,1624.94,1639.43,25903.0,4236043008.0
2024-01-17,000001,9.33,9.39,9.23,9.23,1482296.0,1380725120.0
2024-01-17,600519,1630.0,1635.48,1577.0,1577.0,51632.0,8251735552.0
2024-01-18,000001,9.21,9.24,9.0,9.2,1755132.0,1597853696.0
2024-01-18,600519,1574.0,1612.8,1555.55,1610.87,60439.0,9566349312.0
2024-01-19,000001,9.16,9.2,9.1,9.17,963981.0,881865024.0
2024-01-19,600519,1608.87,1638.01,1600.88,1635.0,46378.0,7550144512.0
2024-01-22,000001,9.16,9.26,9.04,9.1,1580319.0,1449858304.0
2024-01-22,600519,1629.0,1643.0,1618.88,1642.0,46945.0,7678297600.0
2024-01-23,000001,9.05,9.18,8.96,9.16,1135544.0,1030898432.0
2024-01-23,600519,1632.01,1639.95,1609.0,1619.0,34834.0,5659457024.0
2024-01-24,000001,9.23,9.34,9.07,9.33,1759123.0,1620099328.0
2024-01-24,600519,1629.0,1633.84,1603.56,1626.0,33216.0,5373603840.0
2024-01-25,000001,9.33,9.54,9.27,9.5,2162514.0,2037648384.0
2024-01-25,600519,1626.82,1641.0,1622.0,1638.0,31205.0,5094508032.0
2024-01-26,000001,9.47,9.67,9.44,9.62,2272287.0,2172799744.0
2024-01-26,600519,1630.36,1644.1,1623.0,1637.32,26954.0,4402112000.0
2024-01-29,000001,9.69,9.88,9.58,9.7,2376251.0,2312173312.0
2024-01-29,600519,1640.3,1660.58,1640.29,1650.0,31420.0,5189015040.0
2024-01-30,000001,9.61,9.7,9.49,9.5,1579122.0,1515156608.0
2024-01-30,600519,1649.98,1649.98,1610.0,1613.0,30866.0,5010784256.0
2024-01-31,000001,9.46,9.56,9.38,9.46,1357217.0,1286857344.0
2024-01-31,600519,1613.0,1619.97,1598.13,1604.91,29649.0,4770104832.0
2024-02-01,000001,9.41,9.48,9.34,9.41,1055259.0,993481920.0
2024-02-01,600519,1605.5,1623.89,1601.0,1610.03,26485.0,4272298496.0
2024-02-02,000001,9.42,9.47,9.07,9.27,1634214.0,1520605696.0
2024-02-02,600519,1615.0,1627.78,1581.0,1596.0,39382.0,6336691200.0
2024-02-05,000001,9.19,9.43,9.11,9.38,1803591.0,1674566528.0
2024-02-05,600519,1596.0,1637.44,1595.25,1630.01,53130.0,8590683136.0
2024-02-06,000001,9.3,9.68,9.29,9.68,1995409.0,1900324224.0
2024-02-06,600519,1630.01,1685.48,1626.1,1676.0,52472.0,8740646912.0
2024-02-07,000001,9.62,9.67,9.48,9.61,2062015.0,1975435136.0
2024-02-07,600519,1681.03,1714.59,1661.61,1710.99,52601.0,8899606528.0
2024-02-08,000001,9.58,9.67,9.52,9.67,1656813.0,1593505664.0
2024-02-08,600519,1720.01,1725.0,1685.0,1706.0,46756.0,7953438208.0
2024-02-19,000001,9.76,9.81,9.65,9.81,1605242.0,1564088448.0
2024-02-19,600519,1737.87,1737.93,1688.0,1695.43,36977.0,6288278016.0
2024-02-20,000001,9.79,9.84,9.73,9.82,1123564.0,1098987776.0
2024-02-20,600519,1697.36,1697.36,1656.56,1670.0,34470.0,5755267072.0
2024-02-21,000001,9.78,10.8,9.77,10.8,5055284.0,5295259648.0
2024-02-21,600519,1666.02,1731.0,1662.0,1717.66,46154.0,7868784128.0
2024-02-22,000001,10.65,10.91,10.62,10.9,4922325.0,5307736576.0
2024-02-22,600519,1707.5,1723.01,1700.53,1718.38,22793.0,3905984768.0
2024-02-23,000001,10.88,11.24,10.84,10.85,3567479.0,3917316352.0
2024-02-23,600519,1711.11,1724.38,1700.02,1714.09,27305.0,4670707200.0
2024-02-26,000001,10.78,10.88,10.5,10.53,2862609.0,3048205056.0
2024-02-26,600519,1708.0,1708.74,1685.02,1694.98,27318.0,4625594368.0
2024-02-27,000001,10.49,10.6,10.46,10.5,1981905.0,2083027072.0
2024-02-27,600519,1683.0,1692.92,1678.0,1689.5,22079.0,3718478336.0
2024-02-28,000001,10.51,10.7,10.4,10.49,3082692.0,3253340416.0
2024-02-28,600519,1688.92,1696.57,1674.01,1681.55,31867.0,5371312640.0
2024-02-29,000001,10.42,10.59,10.41,10.59,1845344.0,1936020992.0
2024-02-29,600519,1681.55,1696.5,1679.2,1695.0,24758.0,4184918016.0
2024-03-01,000001,10.59,10.6,10.43,10.49,1828102.0,1917689344.0
2024-03-01,600519,1690.0,1694.97,1676.68,1685.06,26867.0,4526845440.0
2024-03-04,000001,10.45,10.5,10.32,10.33,1655929.0,1719562880.0
2024-03-04,600519,1679.0,1680.99,1670.05,1676.3,26484.0,4434400768.0
2024-03-05,000001,10.3,10.47,10.26,10.43,1817319.0,1889144320.0
2024-03-05,600519,1670.81,1697.0,1666.68,1695.1,36238.0,6102136832.0
2024-03-06,000001,10.4,10.45,10.33,10.33,1345640.0,1396940032.0
2024-03-06,600519,1691.0,1695.0,1678.02,1680.55,22142.0,3725582848.0
2024-03-07,000001,10.33,10.64,10.33,10.38,2016165.0,2109589248.0
2024-03-07,600519,1680.0,1689.8,1678.0,1683.63,21599.0,3633934848.0
2024-03-08,000001,10.35,10.44,10.3,10.38,1113974.0,1154491264.0
2024-03-08,600519,1680.56,1686.68,1670.05,1671.43,22156.0,3710678528.0
2024-03-11,000001,10.38,10.47,10.34,10.47,1210673.0,1260211968.0
2024-03-11,600519,1675.0,1698.88,1673.18,1694.49,29895.0,5048394240.0
2024-03-12,000001,10.48,10.59,10.41,10.56,1641262.0,1721999744.0
2024-03-12,600519,1693.94,1749.1,1690.5,1745.0,54226.0,9393308672.0
2024-03-13,000001,10.53,10.55,10.3,10.33,1768039.0,1834654976.0
2024-03-13,600519,1739.97,1748.0,1720.1,1727.45,26499.0,4588879360.0
2024-03-14,000001,10.3,10.38,10.2,10.23,1409399.0,1448499712.0
2024-03-14,600519,1719.0,1734.84,1711.5,1716.63,19404.0,3338768384.0
2024-03-15,000001,10.55,10.75,10.5,10.6,3750208.0,3973799168.0
2024-03-15,600519,1712.5,1732.4,1712.0,1717.49,17833.0,3066692352.0
2024-03-18,000001,10.56,10.61,10.49,10.54,1671396.0,1761249152.0
2024-03-18,600519,1715.0,1719.85,1699.0,1708.26,26055.0,4446059008.0
2024-03-19,000001,10.53,10.54,10.39,10.4,1293215.0,1351069568.0
2024-03-19,600519,1703.0,1719.94,1693.11,1708.02,23947.0,4093701376.0
2024-03-20,000001,10.38,10.47,10.37,10.45,872663.0,910278592.0
2024-03-20,600519,1703.36,1713.68,1700.23,1709.6,15249.0,2604543744.0
2024-03-21,000001,10.45,10.52,10.42,10.47,864466.0,905422272.0
2024-03-21,600519,1708.1,1719.0,1704.5,1709.0,16595.0,2839332608.0
2024-03-22,000001,10.45,10.45,10.31,10.36,1028141.0,1065535616.0
2024-03-22,600519,1705.03,1708.99,1688.0,1701.35,25456.0,4318593024.0
2024-03-25,000001,10.35,10.49,10.32,10.4,953202.0,993304128.0
2024-03-25,600519,1698.54,1698.77,1680.58,1689.01,24472.0,4131446272.0
2024-03-26,000001,10.45,10.66,10.42,10.6,1740021.0,1835376128.0
2024-03-26,600519,1687.46,1712.8,1687.46,1709.29,28069.0,4782899200.0
2024-03-27,000001,10.56,10.63,10.51,10.53,1274136.0,1347397120.0
2024-03-27,600519,1705.0,1712.0,1699.0,1701.0,18112.0,3087792896.0
2024-03-28,000001,10.51,10.57,10.38,10.49,1302189.0,1362980352.0
2024-03-28,600519,1695.0,1718.0,1693.2,1701.64,24642.0,4201857024.0
2024-03-29,000001,10.45,10.57,10.43,10.52,872758.0,917332288.0
2024-03-29,600519,1701.64,1710.99,1698.1,1702.9,13456.0,2290584320.0
2024-04-01,000001,10.52,10.65,10.51,10.64,1191088.0,1261770368.0
2024-04-01,600519,1709.99,1734.0,1708.7,1721.33,27131.0,4679371264.0
2024-04-02,000001,10.63,10.68,10.53,10.55,1085458.0,1149700736.0
2024-04-02,600519,1722.0,1724.99,1705.05,1713.99,25449.0,4360973824.0
2024-04-03,000001,10.53,10.55,10.42,10.46,981845.0,1028648896.0
2024-04-03,600519,1734.0,1739.44,1710.02,1715.11,29045.0,5002390016.0
2024-04-08,000001,10.42,10.49,10.37,10.43,906360.0,945290432.0
2024-04-08,600519,1695.0,1696.0,1662.6,1666.66,59166.0,9907355648.0
2024-04-09,000001,10.43,10.47,10.36,10.4,857156.0,891468992.0
2024-04-09,600519,1660.67,1673.0,1658.45,1662.22,25589.0,4256226304.0
2024-04-10,000001,10.38,10.41,10.27,10.28,1246390.0,1288696192.0
2024-04-10,600519,1662.27,1664.99,1645.0,1647.98,27630.0,4562853888.0
2024-04-11,000001,10.24,10.29,10.12,10.25,1010213.0,1030820160.0
2024-04-11,600519,1640.11,1650.0,1634.69,1648.0,22766.0,3736417536.0
2024-04-12,000001,10.22,10.27,10.04,10.06,1305453.0,1322011776.0
2024-04-12,600519,1651.0,1664.0,1634.03,1634.03,26744.0,4403968000.0
2024-04-15,000001,10.07,10.32,10.06,10.29,1453202.0,1486326144.0
2024-04-15,600519,1635.01,1675.61,1634.98,1672.98,35817.0,5960815616.0
2024-04-16,000001,10.28,10.39,10.22,10.28,1478036.0,1523138560.0
2024-04-16,600519,1665.49,1679.56,1659.0,1670.0,26266.0,4382796800.0
2024-04-17,000001,10.26,10.63,10.21,10.62,2232640.0,2337576704.0
2024-04-17,600519,1668.0,1675.2,1658.0,1667.0,24819.0,4130321920.0
2024-04-18,000001,10.58,11.03,10.56,10.8,3165914.0,3427339008.0
2024-04-18,600519,1659.01,1682.98,1658.18,1670.78,26568.0,4445487616.0
2024-04-19,000001,10.71,10.82,10.66,10.69,1457675.0,1562376192.0
2024-04-19,600519,1660.78,1668.5,1641.28,1646.64,23499.0,3879233280.0
2024-04-22,000001,10.64,10.81,10.45,10.5,2009818.0,2125722752.0
2024-04-22,600519,1654.0,1678.88,1645.0,1675.06,29951.0,5001684480.0
2024-04-23,000001,10.51,10.65,10.46,10.54,1240027.0,1308866048.0
2024-04-23,600519,1675.0,1695.0,1675.0,1692.28,24979.0,4217855232.0
2024-04-24,000001,10.52,10.57,10.46,10.53,941567.0,989093568.0
2024-04-24,600519,1696.98,1699.91,1683.33,1693.6,17086.0,2893555712.0
2024-04-25,000001,10.5,10.62,10.48,10.61,1113812.0,1176304512.0
2024-04-25,600519,1690.33,1695.6,1682.25,1693.04,14476.0,2447183872.0
2024-04-26,000001,10.59,10.67,10.48,10.6,1607627.0,1698581376.0
2024-04-26,600519,1694.0,1714.0,1693.98,1709.43,30995.0,5290248704.0
2024-04-29,000001,10.56,10.9,10.52,10.81,2169177.0,2337350912.0
2024-04-29,600519,1696.95,1728.0,1693.82,1704.0,41332.0,7072096768.0
2024-04-30,000001,10.8,10.88,10.73,10.79,1324556.0,1431407744.0
2024-04-30,600519,1705.01,1729.88,1705.0,1705.0,30759.0,5273902592.0
2024-05-06,000001,10.96,11.11,10.84,10.89,1784100.0,1953817472.0
2024-05-06,600519,1733.97,1765.0,1727.0,1760.2,59909.0,10504351744.0
2024-05-07,000001,10.87,10.89,10.76,10.88,1087056.0,1176786432.0
2024-05-07,600519,1765.79,1777.8,1756.68,1770.0,24924.0,4413196288.0
2024-05-08,000001,10.84,10.88,10.71,10.73,1221791.0,1318611968.0
2024-05-08,600519,1769.69,1769.97,1755.67,1763.97,14769.0,2603293952.0
2024-05-09,000001,10.71,10.82,10.71,10.76,1069460.0,1150726912.0
2024-05-09,600519,1758.0,1764.98,1750.0,1756.0,22387.0,3929804800.0
2024-05-10,000001,10.77,10.96,10.76,10.94,1767835.0,1923452160.0
2024-05-10,600519,1761.1,1767.88,1733.99,1738.98,26206.0,4571398144.0
2024-05-13,000001,10.9,11.01,10.81,10.97,1402498.0,1530058880.0
2024-05-13,600519,1732.02,1732.66,1701.22,1706.0,37662.0,6435415552.0
2024-05-14,000001,11.0,11.06,10.88,10.91,1075783.0,1176577280.0
2024-05-14,600519,1705.99,1713.27,1700.01,1701.98,21274.0,3623282688.0
2024-05-15,000001,10.9,10.92,10.81,10.83,868296.0,942907968.0
2024-05-15,600519,1702.58,1708.0,1698.59,1700.0,15738.0,2677202944.0
2024-05-16,000001,10.85,11.21,10.83,11.17,3076291.0,3410151936.0
2024-05-16,600519,1705.0,1709.88,1690.0,1704.5,29679.0,5048754688.0
2024-05-17,000001,11.18,11.42,11.13,11.42,2841748.0,3200736512.0
2024-05-17,600519,1700.01,1716.58,1700.0,1715.0,28923.0,4936920576.0
2024-05-20,000001,11.43,11.53,11.31,11.38,2170210.0,2475290112.0
2024-05-20,600519,1717.99,1732.99,1708.11,1709.0,31425.0,5401389568.0
2024-05-21,000001,11.32,11.62,11.31,11.55,2030049.0,2336192768.0
2024-05-21,600519,1708.0,1709.73,1698.16,1705.0,16293.0,2776847616.0
2024-05-22,000001,11.56,11.74,11.46,11.56,2115531.0,2458448896.0
2024-05-22,600519,1703.0,1709.96,1691.0,1697.71,20285.0,3443977728.0
2024-05-23,000001,11.53,11.59,11.37,11.4,1841622.0,2110799232.0
2024-05-23,600519,1700.0,1706.38,1690.08,1692.01,18884.0,3199923200.0
2024-05-24,000001,11.37,11.49,11.3,11.31,1398275.0,1593330304.0
2024-05-24,600519,1693.0,1695.0,1677.0,1677.08,20216.0,3401324032.0
2024-05-27,000001,11.31,11.53,11.31,11.51,1454361.0,1663272064.0
2024-05-27,600519,1678.0,1687.45,1668.01,1670.12,25097.0,4199001856.0
2024-05-28,000001,11.5,11.58,11.36,11.4,1204322.0,1377107200.0
2024-05-28,600519,1670.4,1675.17,1663.0,1664.64,23520.0,3923020288.0
2024-05-29,000001,11.38,11.45,11.23,11.26,1444811.0,1635445632.0
2024-05-29,600519,1666.0,1680.0,1665.0,1674.0,19651.0,3289173248.0
2024-05-30,000001,11.24,11.34,11.06,11.12,1325496.0,1481608704.0
2024-05-30,600519,1675.0,1675.38,1649.0,1649.0,32207.0,5333306880.0
2024-05-31,000001,11.14,11.19,11.11,11.11,826706.0,921248128.0
2024-05-31,600519,1650.5,1663.5,1648.45,1648.45,21856.0,3617654784.0
2024-06-03,000001,11.12,11.13,10.91,10.98,1326696.0,1456086016.0
2024-06-03,600519,1650.0,1650.92,1635.11,1639.39,30261.0,4966041600.0
2024-06-04,000001,10.95,11.05,10.91,11.02,981004.0,1079356544.0
2024-06-04,600519,1640.5,1656.0,1636.55,1653.2,20841.0,3432497408.0
2024-06-05,000001,11.04,11.07,10.87,10.87,1018967.0,1114156032.0
2024-06-05,600519,1652.0,1658.68,1643.03,1644.0,19055.0,3140824320.0
2024-06-06,000001,10.9,10.98,10.88,10.9,1049331.0,1145989376.0
2024-06-06,600519,1643.66,1651.99,1635.91,1639.81,25610.0,4205700864.0
2024-06-07,000001,10.92,11.01,10.89,10.99,1170126.0,1281662976.0
2024-06-07,600519,1646.13,1646.18,1619.01,1619.18,33524.0,5453120512.0
2024-06-11,000001,10.98,11.02,10.79,10.87,1337628.0,1452841984.0
2024-06-11,600519,1602.99,1605.0,1567.0,1569.0,70246.0,11090577408.0
2024-06-12,000001,10.85,10.91,10.78,10.88,957426.0,1037927488.0
2024-06-12,600519,1570.0,1590.0,1570.0,1571.68,33170.0,5230086656.0
2024-06-13,000001,10.89,10.93,10.8,10.8,1203507.0,1304403456.0
2024-06-13,600519,1576.77,1576.89,1553.15,1555.01,36185.0,5654939136.0
2024-06-14,000001,10.15,10.23,9.99,10.18,1637990.0,1657433984.0
2024-06-14,600519,1555.0,1563.96,1520.46,1555.0,59514.0,9177636864.0
2024-06-17,000001,10.13,10.16,10.08,10.1,681217.0,688669888.0
2024-06-17,600519,1532.29,1548.77,1511.01,1541.5,48318.0,7400883200.0
2024-06-18,000001,10.11,10.16,10.04,10.08,700653.0,707829440.0
2024-06-18,600519,1530.89,1554.54,1516.68,1521.5,41258.0,6317591040.0
2024-06-19,000001,10.1,10.21,10.08,10.15,796184.0,807676224.0
2024-06-19,600519,1497.99,1504.0,1482.1,1501.0,41261.0,6167728640.0
2024-06-20,000001,10.16,10.17,10.05,10.05,629627.0,635070272.0
2024-06-20,600519,1500.0,1516.01,1498.0,1500.1,24710.0,3715924992.0
2024-06-21,000001,10.05,10.09,9.95,10.0,830545.0,831176896.0
2024-06-21,600519,1500.5,1504.98,1470.22,1471.0,43319.0,6418543616.0
2024-06-24,000001,9.97,10.07,9.88,9.98,947081.0,944907456.0
2024-06-24,600519,1423.0,1488.99,1414.01,1476.55,63839.0,9319362560.0
2024-06-25,000001,9.99,10.13,9.98,10.08,769992.0,775332096.0
2024-06-25,600519,1477.0,1502.99,1477.0,1486.65,42097.0,6273919488.0
2024-06-26,000001,10.06,10.13,10.02,10.08,628598.0,633763904.0
2024-06-26,600519,1480.0,1501.07,1477.8,1489.22,29569.0,4414601728.0
2024-06-27,000001,10.06,10.21,10.0,10.13,928882.0,938954368.0
2024-06-27,600519,1492.0,1493.97,1468.0,1490.49,32821.0,4857959424.0
2024-06-28,000001,10.1,10.26,10.09,10.15,918089.0,933947840.0
2024-06-28,600519,1480.0,1494.49,1464.0,1467.39,38582.0,5699649024.0
2024-07-01,000001,10.09,10.35,10.04,10.35,1343051.0,1372549632.0
2024-07-01,600519,1468.88,1472.99,1428.0,1440.38,32161.0,4636688896.0
2024-07-02,000001,10.3,10.48,10.28,10.4,1384385.0,1440864384.0
2024-07-02,600519,1433.0,1498.0,1433.0,1490.7,51852.0,7659166720.0
2024-07-03,000001,10.4,10.43,10.29,10.31,713067.0,737326400.0
2024-07-03,600519,1499.0,1513.01,1488.02,1500.0,31573.0,4740808192.0
2024-07-04,000001,10.3,10.38,10.25,10.26,735044.0,757464384.0
2024-07-04,600519,1505.0,1512.0,1481.13,1485.74,24379.0,3637968896.0
2024-07-05,000001,10.26,10.29,9.92,9.97,1713353.0,1721256576.0
2024-07-05,600519,1479.0,1493.18,1450.0,1453.0,38829.0,5664477184.0
2024-07-08,000001,9.94,10.02,9.85,9.93,868659.0,864791808.0
2024-07-08,600519,1443.0,1457.77,1419.14,1420.0,39527.0,5657951232.0
2024-07-09,000001,9.94,10.1,9.91,10.07,1032485.0,1034316480.0
2024-07-09,600519,1420.0,1454.89,1410.1,1438.03,33620.0,4807958016.0
2024-07-10,000001,10.07,10.2,10.05,10.14,873865.0,886626752.0
2024-07-10,600519,1439.25,1465.88,1435.0,1437.59,23763.0,3436693248.0
2024-07-11,000001,10.21,10.23,10.07,10.13,721392.0,731789312.0
2024-07-11,600519,1449.97,1469.0,1440.21,1462.09,29020.0,4236960512.0
2024-07-12,000001,10.12,10.31,10.12,10.31,1214163.0,1246877696.0
2024-07-12,600519,1473.01,1486.4,1465.45,1478.82,23386.0,3451132672.0
2024-07-15,000001,10.31,10.35,10.26,10.33,869412.0,896975808.0
2024-07-15,600519,1470.0,1488.0,1470.0,1474.9,19176.0,2835374848.0
2024-07-16,000001,10.33,10.37,10.24,10.3,943008.0,971564864.0
2024-07-16,600519,1476.0,1482.0,1465.05,1476.0,20316.0,2998367232.0
2024-07-17,000001,10.3,10.42,10.28,10.4,1220168.0,1266412544.0
2024-07-17,600519,1476.1,1503.0,1470.02,1501.4,34311.0,5115680768.0
2024-07-18,000001,10.38,10.43,10.3,10.41,1087061.0,1127365120.0
2024-07-18,600519,1499.5,1515.0,1492.53,1497.51,28870.0,4337214464.0
2024-07-19,000001,10.38,10.42,10.29,10.37,898723.0,929722688.0
2024-07-19,600519,1490.81,1529.18,1484.01,1525.62,38942.0,5888614912.0
2024-07-22,000001,10.36,10.38,10.19,10.23,994480.0,1018663808.0
2024-07-22,600519,1525.03,1529.98,1491.65,1499.0,28543.0,4300813312.0
2024-07-23,000001,10.25,10.33,10.16,10.18,1020153.0,1046994496.0
2024-07-23,600519,1499.0,1501.0,1455.0,1455.0,30943.0,4555460096.0
2024-07-24,000001,10.18,10.24,10.12,10.13,724517.0,736332864.0
2024-07-24,600519,1450.2,1463.7,1435.0,1440.02,24122.0,3490201088.0
2024-07-25,000001,10.12,10.15,10.0,10.09,856404.0,861750336.0
2024-07-25,600519,1440.02,1448.0,1420.01,1430.49,28346.0,4054086656.0
2024-07-26,000001,10.1,10.12,9.97,10.03,929551.0,931879552.0
2024-07-26,600519,1430.49,1437.72,1410.9,1422.19,32353.0,4594928640.0
2024-07-29,000001,10.02,10.14,9.97,10.11,781552.0,788019072.0
2024-07-29,600519,1415.0,1421.99,1398.0,1398.02,30869.0,4342609920.0
2024-07-30,000001,10.1,10.13,10.03,10.08,613267.0,618056640.0
2024-07-30,600519,1385.98,1390.27,1361.3,1379.99,51779.0,7103491584.0
2024-07-31,000001,10.08,10.28,10.07,10.27,1096906.0,1117768704.0
2024-07-31,600519,1373.1,1427.27,1373.1,1421.28,43272.0,6098149888.0
2024-08-01,000001,10.25,10.32,10.17,10.27,733883.0,752688192.0
2024-08-01,600519,1418.0,1420.0,1384.7,1386.16,32038.0,4470988288.0
2024-08-02,000001,10.22,10.25,10.13,10.14,590228.0,601173376.0
2024-08-02,600519,1373.6,1396.97,1373.6,1385.45,21927.0,3041726464.0
2024-08-05,000001,10.11,10.22,10.05,10.05,758978.0,768980608.0
2024-08-05,600519,1388.88,1426.0,1385.52,1410.01,37736.0,5327127040.0
2024-08-06,000001,10.07,10.12,9.89,9.93,1265536.0,1261997696.0
2024-08-06,600519,1422.0,1424.0,1394.01,1404.7,27444.0,3860734976.0
2024-08-07,000001,9.95,9.98,9.91,9.93,517608.0,514848800.0
2024-08-07,600519,1405.5,1421.99,1398.3,1415.5,20622.0,2910580736.0
2024-08-08,000001,9.92,9.98,9.9,9.94,500410.0,497548160.0
2024-08-08,600519,1411.0,1448.18,1409.0,1430.69,25130.0,3592705536.0
2024-08-09,000001,9.96,10.1,9.94,10.04,730273.0,732886464.0
2024-08-09,600519,1460.03,1469.0,1436.8,1436.8,30138.0,4368705536.0
2024-08-12,000001,10.02,10.05,9.98,10.01,353013.0,353251360.0
2024-08-12,600519,1430.0,1443.0,1426.58,1436.1,13632.0,1956573440.0
2024-08-13,000001,10.02,10.03,9.92,9.95,622077.0,620061504.0
2024-08-13,600519,1433.0,1435.0,1412.01,1423.01,16308.0,2317037824.0
2024-08-14,000001,9.94,9.98,9.91,9.92,436380.0,433380448.0
2024-08-14,600519,1423.01,1424.9,1412.02,1413.3,13414.0,1898377472.0
2024-08-15,000001,9.92,10.06,9.87,10.03,776247.0,775851456.0
2024-08-15,600519,1405.03,1435.99,1403.95,1426.89,23038.0,3275699456.0
2024-08-16,000001,10.08,10.21,10.05,10.13,1260367.0,1277042048.0
2024-08-16,600519,1426.79,1435.92,1417.01,1431.2,16454.0,2349825792.0
2024-08-19,000001,10.13,10.3,10.12,10.29,1482985.0,1520594688.0
2024-08-19,600519,1432.0,1458.88,1425.0,1425.44,20432.0,2942106368.0
2024-08-20,000001,10.32,10.43,10.28,10.34,1569186.0,1623147648.0
2024-08-20,600519,1429.9,1429.93,1414.0,1422.72,18591.0,2644814336.0
2024-08-21,000001,10.3,10.38,10.21,10.35,1034887.0,1068207872.0
2024-08-21,600519,1420.0,1427.98,1415.69,1417.58,15091.0,2144746496.0
2024-08-22,000001,10.34,10.45,10.32,10.38,1109030.0,1153871872.0
2024-08-22,600519,1416.0,1420.0,1400.01,1410.05,19527.0,2750867968.0
2024-08-23,000001,10.39,10.5,10.32,10.47,1071905.0,1117475712.0
2024-08-23,600519,1408.0,1423.5,1406.12,1414.99,15320.0,2166499328.0
2024-08-26,000001,10.5,10.55,10.42,10.49,740675.0,775921856.0
2024-08-26,600519,1417.0,1423.86,1403.15,1412.0,15628.0,2207595520.0
2024-08-27,000001,10.47,10.52,10.37,10.43,723136.0,755583744.0
2024-08-27,600519,1412.0,1413.0,1401.11,1404.07,13657.0,1920770560.0
2024-08-28,000001,10.41,10.43,10.28,10.33,942547.0,973872128.0
2024-08-28,600519,1404.07,1406.0,1375.0,1389.0,31663.0,4388025856.0
2024-08-29,000001,10.31,10.38,10.11,10.13,1197676.0,1221351040.0
2024-08-29,600519,1380.0,1418.0,1380.0,1413.3,27471.0,3864270592.0
2024-08-30,000001,10.11,10.26,10.11,10.16,1294059.0,1318858624.0
2024-08-30,600519,1413.0,1458.07,1405.0,1443.19,38739.0,5576118784.0
2024-09-02,000001,10.12,10.21,10.09,10.11,968835.0,983898752.0
2024-09-02,600519,1430.0,1438.0,1395.0,1395.0,34134.0,4801050112.0
2024-09-03,000001,10.11,10.13,10.0,10.08,916581.0,920884672.0
2024-09-03,600519,1398.0,1414.98,1393.02,1410.0,17887.0,2516125952.0
2024-09-04,000001,10.05,10.15,10.0,10.02,847992.0,852224640.0
2024-09-04,600519,1402.0,1419.19,1399.74,1400.0,14211.0,1995221376.0
2024-09-05,000001,10.03,10.08,9.98,10.07,594208.0,595845824.0
2024-09-05,600519,1400.5,1407.0,1397.0,1404.88,14502.0,2033680896.0
2024-09-06,000001,10.06,10.21,10.05,10.08,878865.0,891507840.0
2024-09-06,600519,1405.0,1406.0,1398.0,1398.0,10321.0,1445537280.0
2024-09-09,000001,10.05,10.07,9.84,9.85,1639174.0,1624857728.0
2024-09-09,600519,1380.01,1393.71,1370.08,1375.0,28637.0,3950086912.0
2024-09-10,000001,9.86,9.92,9.78,9.9,767901.0,756124736.0
2024-09-10,600519,1370.02,1393.0,1370.02,1378.0,19802.0,2737295616.0
2024-09-11,000001,9.88,9.88,9.63,9.65,1108727.0,1078602496.0
2024-09-11,600519,1375.6,1385.88,1365.0,1380.0,20995.0,2892932864.0
2024-09-12,000001,9.65,9.77,9.61,9.74,581834.0,564923200.0
2024-09-12,600519,1380.0,1385.0,1334.91,1335.06,47948.0,6482444800.0
2024-09-13,000001,9.73,9.82,9.7,9.7,566461.0,553269696.0
2024-09-13,600519,1331.0,1332.0,1297.3,1304.13,56005.0,7329376768.0
2024-09-18,000001,9.72,9.78,9.66,9.77,443611.0,431665632.0
2024-09-18,600519,1300.0,1300.01,1266.66,1266.9,46185.0,5895947776.0
2024-09-19,000001,9.79,9.84,9.68,9.81,684293.0,669341184.0
2024-09-19,600519,1262.0,1292.88,1245.83,1261.0,59988.0,7623739904.0
2024-09-20,000001,9.81,9.9,9.78,9.9,797297.0,785121216.0
2024-09-20,600519,1261.5,1273.9,1250.03,1263.92,39981.0,5038508032.0
2024-09-23,000001,9.89,10.09,9.87,10.04,896907.0,897428032.0
2024-09-23,600519,1268.0,1293.5,1260.66,1261.54,45549.0,5809791488.0
2024-09-24,000001,10.11,10.37,10.08,10.37,1638213.0,1678174464.0
2024-09-24,600519,1285.09,1373.0,1265.09,1372.6,100412.0,13297277952.0
2024-09-25,000001,10.52,10.7,10.45,10.5,2160694.0,2285995264.0
2024-09-25,600519,1400.05,1427.0,1396.71,1399.0,73953.0,10420109312.0
2024-09-26,000001,10.5,11.15,10.5,11.15,3086457.0,3341759488.0
2024-09-26,600519,1399.96,1529.87,1396.0,1529.0,97278.0,14269262848.0
2024-09-27,000001,11.35,11.56,11.03,11.42,3840016.0,4337985024.0
2024-09-27,600519,1600.0,1629.2,1565.36,1629.2,87921.0,14050260992.0
2024-09-30,000001,11.62,12.3,11.56,12.21,5430283.0,6467438592.0
2024-09-30,600519,1692.0,1759.88,1652.0,1748.0,157293.0,26982746112.0
2024-10-08,000001,13.43,13.43,12.34,12.88,5888978.0,7602663936.0
2024-10-08,600519,1910.0,1910.0,1680.18,1723.0,194709.0,35114074112.0
2024-10-09,000001,12.63,12.63,11.66,11.68,4269345.0,5172049920.0
2024-10-09,600519,1700.0,1700.0,1590.0,1595.15,120196.0,19708432384.0
2024-10-10,000001,11.62,12.26,11.6,11.98,3426421.0,4095573504.0
2024-10-10,600519,1622.26,1668.08,1591.0,1640.0,74603.0,12198964224.0
2024-10-11,000001,12.0,12.17,11.58,11.72,2070890.0,2455848192.0
2024-10-11,600519,1615.4,1639.96,1590.0,1604.99,41914.0,6764982784.0
2024-10-14,000001,11.98,12.18,11.79,12.02,2400595.0,2881934336.0
2024-10-14,600519,1613.0,1620.63,1581.17,1601.99,44812.0,7181350912.0
2024-10-15,000001,11.94,12.23,11.88,11.9,2072840.0,2500974336.0
2024-10-15,600519,1599.0,1600.99,1553.01,1554.25,43571.0,6884142080.0
2024-10-16,000001,11.8,12.18,11.77,12.06,1914493.0,2301340928.0
2024-10-16,600519,1540.88,1549.8,1510.0,1522.5,46664.0,7140169728.0
2024-10-17,000001,12.07,12.23,11.93,11.95,1653708.0,1993261696.0
2024-10-17,600519,1537.0,1537.66,1493.41,1494.6,39459.0,5964779008.0
2024-10-18,000001,11.91,12.18,11.68,12.04,2604654.0,3105820928.0
2024-10-18,600519,1493.0,1567.84,1478.96,1541.0,68619.0,10418043904.0
2024-10-21,000001,11.94,11.94,11.63,11.81,2806654.0,3302020096.0
2024-10-21,600519,1541.21,1549.97,1521.21,1528.8,42007.0,6433918464.0
2024-10-22,000001,11.76,11.93,11.72,11.79,1617787.0,1908438784.0
2024-10-22,600519,1526.56,1560.18,1524.2,1543.0,36269.0,5607826432.0
2024-10-23,000001,11.82,11.89,11.75,11.86,1511866.0,1787236736.0
2024-10-23,600519,1544.11,1576.95,1532.0,1567.5,40088.0,6259599872.0
2024-10-24,000001,11.81,11.86,11.72,11.75,885299.0,1042818624.0
2024-10-24,600519,1561.0,1575.0,1545.01,1552.2,23922.0,3723973120.0
2024-10-25,000001,11.77,11.78,11.69,11.71,1105754.0,1296844416.0
2024-10-25,600519,1547.0,1574.79,1546.01,1558.85,27745.0,4328271360.0
2024-10-28,000001,11.68,11.68,11.53,11.64,1169487.0,1356008960.0
2024-10-28,600519,1560.0,1565.0,1522.23,1565.0,39121.0,6064453632.0
2024-10-29,000001,11.62,11.74,11.53,11.54,1198024.0,1391150208.0
2024-10-29,600519,1560.0,1580.0,1530.0,1531.62,41165.0,6368105472.0
2024-10-30,000001,11.5,11.58,11.27,11.32,1482402.0,1686501632.0
2024-10-30,600519,1525.0,1551.19,1523.41,1532.0,32005.0,4913176064.0
2024-10-31,000001,11.33,11.44,11.24,11.38,1250205.0,1419624320.0
2024-10-31,600519,1532.15,1540.0,1520.0,1527.79,29957.0,4575545344.0
2024-11-01,000001,11.38,11.55,11.34,11.43,1589811.0,1821423488.0
2024-11-01,600519,1521.0,1545.13,1520.8,1533.75,32283.0,4954302464.0
2024-11-04,000001,11.43,11.46,11.26,11.46,1131516.0,1285874176.0
2024-11-04,600519,1544.93,1550.0,1528.06,1548.2,29092.0,4481761792.0
2024-11-05,000001,11.42,11.66,11.39,11.65,1665418.0,1925260672.0
2024-11-05,600519,1540.0,1577.7,1536.01,1576.99,45640.0,7134443520.0
2024-11-06,000001,11.62,11.64,11.47,11.55,1462286.0,1689977472.0
2024-11-06,600519,1575.0,1588.99,1561.22,1571.0,37631.0,5916917760.0
2024-11-07,000001,11.5,11.93,11.48,11.91,2242843.0,2627007488.0
2024-11-07,600519,1562.46,1653.5,1562.3,1649.14,74738.0,12074951680.0
2024-11-08,000001,11.94,12.01,11.7,11.72,1895104.0,2239060480.0
2024-11-08,600519,1660.89,1667.11,1601.01,1609.97,60771.0,9885645824.0
2024-11-11,000001,11.63,11.68,11.47,11.6,1486951.0,1717961600.0
2024-11-11,600519,1590.0,1609.95,1567.19,1598.01,43853.0,6957095424.0
2024-11-12,000001,11.58,11.84,11.51,11.54,1717662.0,2005791360.0
2024-11-12,600519,1589.0,1623.0,1573.95,1577.2,49222.0,7844798464.0
2024-11-13,000001,11.5,11.7,11.48,11.61,1086263.0,1260161920.0
2024-11-13,600519,1568.0,1586.66,1561.28,1578.5,29125.0,4594444800.0
2024-11-14,000001,11.59,11.7,11.53,11.54,1159783.0,1348378240.0
2024-11-14,600519,1570.0,1594.45,1565.65,1573.8,29248.0,4617144320.0
2024-11-15,000001,11.5,11.61,11.42,11.44,1215783.0,1399308672.0
2024-11-15,600519,1569.0,1583.8,1553.0,1559.0,33761.0,5295326720.0
2024-11-18,000001,11.63,12.04,11.62,11.75,3797324.0,4493249024.0
2024-11-18,600519,1562.0,1575.99,1555.0,1559.0,27092.0,4237197568.0
2024-11-19,000001,11.75,11.96,11.55,11.68,2430036.0,2849661696.0
2024-11-19,600519,1565.0,1569.37,1525.0,1541.92,33266.0,5138831360.0
2024-11-20,000001,11.67,11.75,11.61,11.64,1286572.0,1498818048.0
2024-11-20,600519,1543.0,1553.97,1531.3,1544.81,21344.0,3292675328.0
2024-11-21,000001,11.62,11.65,11.56,11.59,883408.0,1023998400.0
2024-11-21,600519,1543.87,1548.99,1532.0,1545.13,18261.0,2810933504.0
2024-11-22,000001,11.59,11.61,11.28,11.28,1625317.0,1858071552.0
2024-11-22,600519,1541.15,1547.77,1507.82,1507.82,33436.0,5107289088.0
2024-11-25,000001,11.28,11.34,11.14,11.18,1166020.0,1310130688.0
2024-11-25,600519,1511.0,1532.0,1496.67,1498.57,33185.0,5011136000.0
2024-11-26,000001,11.18,11.31,11.14,11.27,831078.0,933733824.0
2024-11-26,600519,1498.57,1518.88,1488.88,1509.0,25744.0,3876886016.0
2024-11-27,000001,11.24,11.39,11.15,11.39,895178.0,1010001984.0
2024-11-27,600519,1509.0,1522.15,1505.0,1519.05,25934.0,3927607808.0
2024-11-28,000001,11.39,11.42,11.32,11.34,733168.0,833121344.0
2024-11-28,600519,1522.0,1524.99,1502.0,1518.0,23952.0,3627662336.0
2024-11-29,000001,11.37,11.46,11.34,11.38,1028487.0,1173316096.0
2024-11-29,600519,1517.0,1555.0,1513.21,1525.74,36088.0,5534035456.0
2024-12-02,000001,11.39,11.4,11.31,11.39,975433.0,1108785536.0
2024-12-02,600519,1526.0,1529.99,1515.1,1525.0,26819.0,4086609920.0
2024-12-03,000001,11.37,11.5,11.35,11.49,1082559.0,1236992640.0
2024-12-03,600519,1524.0,1528.9,1516.08,1526.74,24806.0,3777197312.0
2024-12-04,000001,11.44,11.53,11.37,11.46,1007470.0,1154623360.0
2024-12-04,600519,1520.07,1523.66,1510.0,1520.0,23923.0,3626565632.0
2024-12-05,000001,11.44,11.5,11.41,11.44,687108.0,786137984.0
2024-12-05,600519,1510.86,1517.86,1510.0,1511.0,16141.0,2441318400.0
2024-12-06,000001,11.44,11.7,11.43,11.66,1726269.0,2004270464.0
2024-12-06,600519,1513.0,1538.9,1508.07,1521.01,32039.0,4883148800.0
2024-12-09,000001,11.63,11.72,11.59,11.67,964063.0,1123441792.0
2024-12-09,600519,1522.02,1529.72,1513.2,1518.8,19799.0,3008173568.0
2024-12-10,000001,11.9,11.95,11.75,11.79,2167807.0,2564600576.0
2024-12-10,600519,1570.0,1579.73,1545.18,1546.59,60312.0,9421340672.0
2024-12-11,000001,11.79,11.83,11.72,11.73,967691.0,1138374144.0
2024-12-11,600519,1540.0,1555.0,1530.98,1535.6,29671.0,4569662464.0
2024-12-12,000001,11.73,11.87,11.71,11.85,986234.0,1164062464.0
2024-12-12,600519,1532.02,1566.0,1529.0,1565.8,41936.0,6510547968.0
2024-12-13,000001,11.79,11.8,11.56,11.56,1343793.0,1565589120.0
2024-12-13,600519,1550.01,1554.99,1518.88,1519.0,49511.0,7580908544.0
2024-12-16,000001,11.56,11.66,11.53,11.57,805717.0,934226176.0
2024-12-16,600519,1521.0,1529.0,1510.71,1527.2,32537.0,4945298944.0
2024-12-17,000001,11.57,11.65,11.52,11.53,802119.0,929225472.0
2024-12-17,600519,1525.99,1569.0,1521.01,1558.0,54171.0,8398945280.0
2024-12-18,000001,11.58,11.74,11.57,11.65,1016589.0,1186285824.0
2024-12-18,600519,1557.97,1577.0,1547.1,1571.5,41162.0,6440801792.0
2024-12-19,000001,11.59,11.64,11.54,11.59,697379.0,808465664.0
2024-12-19,600519,1565.14,1567.93,1550.33,1551.01,24809.0,3862602752.0
2024-12-20,000001,11.59,11.7,11.58,11.62,714646.0,831437440.0
2024-12-20,600519,1531.13,1541.8,1520.02,1522.0,28157.0,4307425280.0
2024-12-23,000001,11.64,11.84,11.64,11.73,1659404.0,1953519488.0
2024-12-23,600519,1523.0,1538.0,1517.0,1526.45,21602.0,3300971520.0
2024-12-24,000001,11.72,11.87,11.72,11.86,1350837.0,1595698816.0
2024-12-24,600519,1525.0,1544.0,1521.59,1538.82,22104.0,3394160384.0
2024-12-25,000001,11.86,12.02,11.84,11.92,1475282.0,1759956608.0
2024-12-25,600519,1538.8,1538.8,1526.1,1530.0,17123.0,2621061888.0
2024-12-26,000001,11.92,11.93,11.78,11.86,1000074.0,1183745536.0
2024-12-26,600519,1534.0,1538.78,1523.0,1527.79,18286.0,2798840064.0
2024-12-27,000001,11.87,11.9,11.66,11.83,1290012.0,1518383360.0
2024-12-27,600519,1528.9,1536.0,1519.5,1528.97,20759.0,3170191360.0
2024-12-30,000001,11.78,11.97,11.78,11.95,1351846.0,1610892160.0
2024-12-30,600519,1533.97,1543.96,1525.0,1525.0,25129.0,3849542656.0
2024-12-31,000001,11.93,11.99,11.7,11.7,1475367.0,1747242112.0
2024-12-31,600519,1525.4,1545.0,1522.01,1524.0,39354.0,6033540608.0
2025-01-02,000001,11.73,11.77,11.39,11.43,1819597.0,2102923136.0
2025-01-02,600519,1524.0,1524.49,1480.0,1488.0,50028.0,7490883584.0
2025-01-03,000001,11.44,11.54,11.36,11.38,1154680.0,1320520960.0
2025-01-03,600519,1494.5,1494.99,1467.01,1475.0,32628.0,4836610048.0
2025-01-06,000001,11.38,11.48,11.22,11.44,1085536.0,1234305792.0
2025-01-06,600519,1453.0,1462.66,1432.8,1440.0,44255.0,6392479744.0
2025-01-07,000001,11.42,11.53,11.37,11.51,747862.0,858329024.0
2025-01-07,600519,1444.66,1451.89,1439.0,1440.2,24221.0,3494634240.0
2025-01-08,000001,11.5,11.63,11.4,11.5,1062386.0,1223598976.0
2025-01-08,600519,1440.0,1451.82,1426.66,1442.5,35258.0,5071821312.0
2025-01-09,000001,11.5,11.5,11.35,11.4,751483.0,857836096.0
2025-01-09,600519,1448.99,1464.58,1432.98,1444.0,29705.0,4295852544.0
2025-01-10,000001,11.4,11.46,11.28,11.3,798133.0,905005056.0
2025-01-10,600519,1447.1,1451.95,1436.0,1436.0,21871.0,3154677504.0
2025-01-13,000001,11.25,11.26,11.08,11.2,934966.0,1044904384.0
2025-01-13,600519,1425.0,1444.44,1422.01,1443.98,21082.0,3030806784.0
2025-01-14,000001,11.2,11.4,11.19,11.38,824628.0,934467776.0
2025-01-14,600519,1444.95,1478.68,1442.0,1472.5,30956.0,4535651328.0
2025-01-15,000001,11.38,11.58,11.36,11.48,1031630.0,1185403648.0
2025-01-15,600519,1467.0,1474.6,1460.01,1471.27,18399.0,2701518592.0
2025-01-16,000001,11.55,11.59,11.47,11.57,872964.0,1007689280.0
2025-01-16,600519,1474.0,1482.66,1442.0,1446.38,26342.0,3840411392.0
2025-01-17,000001,11.53,11.55,11.42,11.45,689764.0,791230400.0
2025-01-17,600519,1446.39,1461.0,1446.38,1454.75,18308.0,2663227392.0
2025-01-20,000001,11.5,11.52,11.4,11.42,832029.0,953092160.0
2025-01-20,600519,1461.0,1489.79,1460.0,1474.8,31409.0,4647626240.0
2025-01-21,000001,11.45,11.45,11.32,11.33,902068.0,1024879168.0
2025-01-21,600519,1481.0,1482.0,1465.0,1468.15,16856.0,2481821184.0
2025-01-22,000001,11.32,11.33,11.08,11.09,1347129.0,1504818560.0
2025-01-22,600519,1463.27,1467.95,1438.0,1441.0,28293.0,4088101632.0
2025-01-23,000001,11.17,11.4,11.17,11.32,1514920.0,1715172480.0
2025-01-23,600519,1449.97,1468.0,1438.0,1443.0,27125.0,3932700928.0
2025-01-24,000001,11.32,11.39,11.22,11.34,944944.0,1069899072.0
2025-01-24,600519,1442.0,1447.79,1430.31,1436.0,31360.0,4515322880.0
2025-01-27,000001,11.38,11.55,11.38,11.47,1151934.0,1324270592.0
2025-01-27,600519,1437.0,1443.97,1427.02,1434.99,29356.0,4213534464.0
2025-02-05,000001,11.5,11.52,11.33,11.37,843433.0,961193600.0
2025-02-05,600519,1440.0,1443.0,1402.21,1403.8,40756.0,5753730048.0
2025-02-06,000001,11.35,11.45,11.3,11.36,955603.0,1084793216.0
2025-02-06,600519,1400.01,1421.99,1400.01,1412.84,27355.0,3859568128.0
2025-02-07,000001,11.36,11.45,11.31,11.38,1407492.0,1601622016.0
2025-02-07,600519,1413.68,1442.68,1403.41,1436.0,37242.0,5310850560.0
2025-02-10,000001,11.38,11.5,11.36,11.43,1026590.0,1174044672.0
2025-02-10,600519,1438.0,1440.0,1427.09,1431.51,20839.0,2988101632.0
2025-02-11,000001,11.4,11.47,11.37,11.42,844520.0,963865600.0
2025-02-11,600519,1434.95,1435.96,1415.9,1418.0,23572.0,3348668928.0
2025-02-12,000001,11.41,11.43,11.34,11.42,988806.0,1125323648.0
2025-02-12,600519,1418.0,1445.0,1416.88,1443.0,25475.0,3644170496.0
2025-02-13,000001,11.42,11.55,11.4,11.5,1358639.0,1560709504.0
2025-02-13,600519,1443.02,1475.25,1434.51,1465.06,43385.0,6335985664.0
2025-02-14,000001,11.49,11.55,11.43,11.55,973057.0,1118355968.0
2025-02-14,600519,1465.06,1477.0,1458.22,1475.0,27099.0,3978694144.0
2025-02-17,000001,11.6,11.8,11.55,11.78,2061965.0,2413146112.0
2025-02-17,600519,1481.0,1494.98,1467.1,1471.62,32470.0,4804663808.0
2025-02-18,000001,11.76,11.96,11.76,11.81,1996610.0,2371071488.0
2025-02-18,600519,1470.0,1492.99,1462.08,1475.0,27799.0,4113845504.0
2025-02-19,000001,11.8,11.81,11.68,11.71,1177749.0,1382467200.0
2025-02-19,600519,1475.05,1494.44,1464.9,1491.0,32393.0,4803378688.0
2025-02-20,000001,11.71,11.76,11.65,11.66,784396.0,917231424.0
2025-02-20,600519,1483.0,1491.97,1473.39,1474.0,23749.0,3513552896.0
2025-02-21,000001,11.69,11.71,11.55,11.64,973968.0,1131033856.0
2025-02-21,600519,1480.0,1496.73,1473.01,1488.21,36417.0,5418169344.0
2025-02-24,000001,11.63,11.69,11.56,11.59,949956.0,1103548928.0
2025-02-24,600519,1488.0,1499.52,1474.0,1479.07,34743.0,5157907456.0
2025-02-25,000001,11.56,11.58,11.46,11.47,917156.0,1055685184.0
2025-02-25,600519,1470.01,1473.39,1452.0,1454.0,28387.0,4142814464.0
2025-02-26,000001,11.47,11.6,11.47,11.52,841645.0,970641216.0
2025-02-26,600519,1455.45,1464.96,1445.0,1460.01,26366.0,3835949056.0
2025-02-27,000001,11.53,11.63,11.46,11.62,977309.0,1130386688.0
2025-02-27,600519,1460.02,1489.9,1454.0,1485.56,49762.0,7368002560.0
2025-02-28,000001,11.58,11.68,11.5,11.53,949088.0,1100335104.0
2025-02-28,600519,1485.5,1528.38,1482.0,1500.79,56128.0,8475738112.0
2025-03-03,000001,11.52,11.56,11.45,11.51,830456.0,955266368.0
2025-03-03,600519,1502.6,1520.99,1481.5,1487.02,31595.0,4736679936.0
2025-03-04,000001,11.47,11.55,11.44,11.51,683178.0,785448000.0
2025-03-04,600519,1485.0,1486.0,1465.21,1470.11,25211.0,3710675968.0
2025-03-05,000001,11.52,11.67,11.48,11.66,1080645.0,1254892032.0
2025-03-05,600519,1472.0,1474.0,1460.1,1466.37,24605.0,3606932224.0
2025-03-06,000001,11.69,11.7,11.6,11.63,877407.0,1021780608.0
2025-03-06,600519,1474.0,1510.2,1472.08,1505.98,42167.0,6297117184.0
2025-03-07,000001,11.63,11.69,11.6,11.67,835536.0,973236672.0
2025-03-07,600519,1503.0,1528.36,1503.0,1521.0,37991.0,5760608768.0
2025-03-10,000001,11.66,11.67,11.55,11.59,663833.0,769261376.0
2025-03-10,600519,1519.81,1526.88,1506.14,1522.9,31369.0,4758789120.0
2025-03-11,000001,11.54,11.61,11.52,11.61,608975.0,704240448.0
2025-03-11,600519,1517.0,1548.68,1512.0,1548.68,39775.0,6094007808.0
2025-03-12,000001,11.6,11.87,11.56,11.85,1877318.0,2210904576.0
2025-03-12,600519,1546.96,1549.68,1526.35,1542.58,29603.0,4552923648.0
2025-03-13,000001,11.81,11.91,11.78,11.84,1312371.0,1555123200.0
2025-03-13,600519,1544.0,1555.5,1530.88,1537.77,25724.0,3966369280.0
2025-03-14,000001,11.82,12.0,11.82,11.97,1722417.0,2057970432.0
2025-03-14,600519,1547.66,1628.01,1541.0,1628.01,92913.0,14882842624.0
2025-03-17,000001,11.63,11.67,11.46,11.5,4603612.0,5315523072.0
2025-03-17,600519,1657.0,1657.99,1626.88,1637.86,54689.0,8985139200.0
2025-03-18,000001,11.52,11.54,11.48,11.49,1605289.0,1846500480.0
2025-03-18,600519,1645.04,1652.0,1621.7,1624.0,31613.0,5153210368.0
2025-03-19,000001,11.48,11.53,11.46,11.52,1362454.0,1566452224.0
2025-03-19,600519,1624.29,1648.0,1623.0,1635.71,27389.0,4477128704.0
2025-03-20,000001,11.51,11.61,11.49,11.49,1101157.0,1268849152.0
2025-03-20,600519,1635.71,1637.6,1595.07,1604.0,36736.0,5903879168.0
2025-03-21,000001,11.49,11.52,11.39,11.42,1376389.0,1576151808.0
2025-03-21,600519,1599.0,1612.2,1568.83,1573.75,33614.0,5324973056.0
2025-03-24,000001,11.41,11.44,11.34,11.38,1164577.0,1325564032.0
2025-03-24,600519,1570.0,1589.66,1562.38,1583.0,25565.0,4032223488.0
2025-03-25,000001,11.38,11.43,11.36,11.43,735608.0,839142016.0
2025-03-25,600519,1588.0,1592.8,1566.66,1575.5,17674.0,2783286784.0
2025-03-26,000001,11.42,11.43,11.37,11.38,740863.0,843536960.0
2025-03-26,600519,1572.77,1582.58,1571.0,1576.0,14323.0,2257639680.0
2025-03-27,000001,11.37,11.41,11.35,11.39,553349.0,629863360.0
2025-03-27,600519,1576.0,1598.25,1573.38,1589.0,17955.0,2848889088.0
2025-03-28,000001,11.39,11.4,11.34,11.35,644945.0,732420864.0
2025-03-28,600519,1590.93,1593.0,1576.0,1585.21,16227.0,2569469952.0
2025-03-31,000001,11.36,11.38,11.26,11.26,1116125.0,1262598272.0
2025-03-31,600519,1580.98,1586.96,1560.06,1561.0,21084.0,3311857664.0
2025-04-01,000001,11.27,11.3,11.22,11.27,681470.0,767424128.0
2025-04-01,600519,1564.0,1569.89,1552.21,1556.02,18556.0,2893740032.0
2025-04-02,000001,11.25,11.41,11.25,11.37,932641.0,1058747264.0
2025-04-02,600519,1558.0,1567.8,1545.5,1549.02,21674.0,3371883008.0
2025-04-03,000001,11.31,11.39,11.3,11.34,643913.0,730375808.0
2025-04-03,600519,1530.0,1586.0,1529.01,1568.88,35480.0,5557442048.0
2025-04-07,000001,11.0,11.05,10.48,10.7,2545560.0,2751055360.0
2025-04-07,600519,1520.01,1536.85,1462.0,1500.0,101952.0,15314738176.0
2025-04-08,000001,10.68,10.85,10.66,10.82,1463987.0,1576590080.0
2025-04-08,600519,1513.0,1545.0,1495.0,1545.0,73876.0,11226977280.0
2025-04-09,000001,10.73,10.83,10.66,10.8,1064394.0,1145238912.0
2025-04-09,600519,1525.02,1556.8,1520.55,1541.04,55630.0,8562928128.0
2025-04-10,000001,10.86,10.93,10.82,10.9,866548.0,943352320.0
2025-04-10,600519,1550.99,1555.0,1528.0,1549.0,38620.0,5963650560.0
2025-04-11,000001,10.87,10.9,10.83,10.89,583879.0,634311808.0
2025-04-11,600519,1579.97,1579.97,1545.0,1568.98,32634.0,5087360000.0
2025-04-14,000001,10.95,11.04,10.92,10.93,785993.0,862557120.0
2025-04-14,600519,1560.97,1566.0,1551.53,1551.99,21711.0,3379425536.0
2025-04-15,000001,10.92,10.97,10.9,10.95,722754.0,790139072.0
2025-04-15,600519,1552.0,1565.0,1545.0,1558.0,21489.0,3339942656.0
2025-04-16,000001,10.93,11.01,10.91,11.0,842822.0,923316032.0
2025-04-16,600519,1552.0,1576.0,1537.0,1559.17,31156.0,4834880512.0
2025-04-17,000001,10.95,11.08,10.93,11.06,823919.0,907597504.0
2025-04-17,600519,1554.0,1576.5,1549.99,1570.0,23846.0,3733924864.0
2025-04-18,000001,11.04,11.19,11.03,11.18,727098.0,810031616.0
2025-04-18,600519,1566.0,1575.0,1556.0,1565.94,20298.0,3179974400.0
2025-04-21,000001,11.0,11.13,10.97,11.02,1114184.0,1230804480.0
2025-04-21,600519,1565.5,1565.5,1551.0,1551.0,18057.0,2808158208.0
2025-04-22,000001,11.02,11.06,10.98,11.04,831128.0,915967680.0
2025-04-22,600519,1550.0,1556.3,1543.21,1548.8,18432.0,2857526016.0
2025-04-23,000001,11.04,11.05,10.97,11.01,586382.0,645842432.0
2025-04-23,600519,1559.0,1559.22,1545.0,1552.0,18668.0,2895468800.0
2025-04-24,000001,11.0,11.06,10.99,11.03,689256.0,760348544.0
2025-04-24,600519,1552.0,1560.68,1548.98,1552.25,14871.0,2313372160.0
2025-04-25,000001,11.04,11.05,10.99,11.01,637546.0,702315264.0
2025-04-25,600519,1557.1,1561.2,1550.0,1550.0,14764.0,2295029760.0
2025-04-28,000001,11.0,11.04,10.96,11.0,642018.0,706520192.0
2025-04-28,600519,1552.0,1555.0,1546.6,1550.0,14659.0,2274252544.0
2025-04-29,000001,11.0,11.02,10.95,10.98,649044.0,712792512.0
2025-04-29,600519,1550.0,1552.54,1532.02,1544.0,18921.0,2917422848.0
2025-04-30,000001,10.96,10.97,10.89,10.91,869834.0,949911040.0
2025-04-30,600519,1549.99,1566.66,1546.3,1547.0,25754.0,4005439488.0
2025-05-06,000001,10.92,11.0,10.89,10.96,854671.0,935212096.0
2025-05-06,600519,1559.0,1559.0,1544.33,1550.2,18300.0,2838614272.0
2025-05-07,000001,11.01,11.04,10.97,11.03,1126270.0,1240098176.0
2025-05-07,600519,1570.0,1570.0,1550.2,1555.0,27462.0,4275142656.0
2025-05-08,000001,11.0,11.08,10.99,11.08,1056613.0,1167913472.0
2025-05-08,600519,1553.0,1592.78,1549.83,1578.19,33481.0,5265446400.0
2025-05-09,000001,11.07,11.17,11.06,11.15,999897.0,1113688192.0
2025-05-09,600519,1578.99,1597.45,1575.05,1591.18,23671.0,3757574656.0
2025-05-12,000001,11.16,11.22,11.13,11.16,895604.0,1000478400.0
2025-05-12,600519,1598.0,1618.93,1596.61,1604.5,24735.0,3967785728.0
2025-05-13,000001,11.19,11.33,11.15,11.29,1261030.0,1420501376.0
2025-05-13,600519,1608.92,1608.92,1585.11,1590.3,21258.0,3386617856.0
2025-05-14,000001,11.29,11.47,11.25,11.43,1683513.0,1912995456.0
2025-05-14,600519,1590.0,1645.0,1588.18,1634.99,39460.0,6394735104.0
2025-05-15,000001,11.43,11.5,11.38,11.39,1035460.0,1183732864.0
2025-05-15,600519,1634.8,1643.59,1624.13,1632.01,24732.0,4043402752.0
2025-05-16,000001,11.37,11.43,11.31,11.38,914744.0,1039223616.0
2025-05-16,600519,1633.99,1636.99,1614.13,1614.13,22935.0,3714508544.0
2025-05-19,000001,11.4,11.47,11.36,11.37,831390.0,949883520.0
2025-05-19,600519,1596.0,1600.0,1573.88,1578.98,38062.0,6021949952.0
2025-05-20,000001,11.4,11.47,11.37,11.39,643634.0,734455296.0
2025-05-20,600519,1580.0,1594.8,1575.1,1586.0,19521.0,3095742720.0
2025-05-21,000001,11.4,11.59,11.39,11.48,1328278.0,1528350336.0
2025-05-21,600519,1585.0,1595.94,1580.97,1580.97,19794.0,3143941376.0
2025-05-22,000001,11.45,11.56,11.44,11.55,1002968.0,1155265024.0
2025-05-22,600519,1580.99,1584.99,1570.1,1580.0,15090.0,2381236480.0
2025-05-23,000001,11.55,11.6,11.43,11.46,962643.0,1108636160.0
2025-05-23,600519,1575.2,1587.9,1571.66,1572.6,21537.0,3399425024.0
2025-05-26,000001,11.44,11.5,11.4,11.42,699158.0,800495680.0
2025-05-26,600519,1570.0,1574.63,1545.0,1550.5,27086.0,4212944384.0
2025-05-27,000001,11.45,11.54,11.42,11.49,801915.0,921912256.0
2025-05-27,600519,1551.0,1558.6,1543.51,1543.9,17752.0,2748945664.0
2025-05-28,000001,11.5,11.55,11.44,11.53,658179.0,757571328.0
2025-05-28,600519,1543.99,1546.46,1533.0,1537.0,16265.0,2504624640.0
2025-05-29,000001,11.52,11.55,11.45,11.46,919806.0,1056726400.0
2025-05-29,600519,1540.0,1555.0,1532.0,1540.0,21859.0,3375465728.0
2025-05-30,000001,11.47,11.58,11.44,11.56,1130849.0,1303433728.0
2025-05-30,600519,1540.15,1545.0,1515.24,1522.0,31239.0,4764875776.0
2025-06-03,000001,11.54,11.91,11.53,11.81,2192479.0,2580962560.0
2025-06-03,600519,1508.01,1519.0,1505.02,1509.0,28979.0,4377892864.0
2025-06-04,000001,11.82,11.88,11.78,11.84,1167959.0,1383019648.0
2025-06-04,600519,1510.5,1523.0,1509.22,1509.96,23008.0,3480363776.0
2025-06-05,000001,11.88,11.91,11.66,11.67,1166803.0,1369212288.0
2025-06-05,600519,1514.0,1516.0,1502.2,1514.0,23213.0,3504925440.0
2025-06-06,000001,11.7,11.79,11.68,11.7,682352.0,799900032.0
2025-06-06,600519,1513.8,1518.97,1503.0,1506.39,25023.0,3777727488.0
2025-06-09,000001,11.73,11.75,11.65,11.71,773254.0,905092608.0
2025-06-09,600519,1505.02,1508.7,1485.68,1486.11,44958.0,6723838976.0
2025-06-10,000001,11.72,11.89,11.71,11.81,1428131.0,1689018752.0
2025-06-10,600519,1486.0,1492.0,1474.8,1475.01,30492.0,4511934464.0
2025-06-11,000001,11.82,11.93,11.79,11.85,1094666.0,1298656256.0
2025-06-11,600519,1476.8,1494.0,1476.1,1480.0,30892.0,4585522688.0
2025-06-12,000001,11.56,11.7,11.52,11.68,1290220.0,1500287232.0
2025-06-12,600519,1480.0,1483.87,1454.1,1459.0,49903.0,7306800640.0
2025-06-13,000001,11.68,11.74,11.56,11.58,1095494.0,1272773120.0
2025-06-13,600519,1444.41,1449.97,1425.06,1426.95,59113.0,8466515456.0
2025-06-16,000001,11.57,11.79,11.53,11.79,1174438.0,1371041664.0
2025-06-16,600519,1401.2,1425.04,1401.18,1422.29,42887.0,6060448256.0
2025-06-17,000001,11.79,11.88,11.71,11.76,890027.0,1048960768.0
2025-06-17,600519,1420.0,1427.0,1412.18,1427.0,27231.0,3868364544.0
2025-06-18,000001,11.78,11.81,11.66,11.77,683521.0,802908096.0
2025-06-18,600519,1440.0,1443.44,1421.01,1425.0,30760.0,4404131328.0
2025-06-19,000001,11.76,11.78,11.65,11.7,832247.0,974127360.0
2025-06-19,600519,1426.0,1433.67,1417.18,1426.0,24500.0,3490268672.0
2025-06-20,000001,11.7,11.86,11.67,11.84,1309197.0,1544541824.0
2025-06-20,600519,1423.58,1441.14,1420.2,1428.66,34815.0,4990683136.0
2025-06-23,000001,11.81,11.97,11.67,11.93,1389170.0,1646476928.0
2025-06-23,600519,1420.0,1433.0,1405.18,1420.0,26723.0,3794012416.0
2025-06-24,000001,11.9,12.01,11.84,11.93,1308525.0,1560621952.0
2025-06-24,600519,1423.35,1451.68,1423.35,1437.2,36311.0,5229183488.0
2025-06-25,000001,11.93,12.08,11.83,12.06,1675116.0,2007989760.0
2025-06-25,600519,1439.11,1449.2,1420.51,1435.86,41050.0,5869292032.0
2025-06-26,000001,12.05,12.48,12.01,12.41,2174577.0,2672207616.0
2025-06-26,600519,1415.0,1428.0,1410.08,1420.0,34860.0,4955829760.0
2025-06-27,000001,12.37,12.58,12.13,12.2,2377600.0,2937864960.0
2025-06-27,600519,1420.01,1423.0,1403.09,1403.09,38249.0,5404312576.0
2025-06-30,000001,12.14,12.17,11.96,12.07,1504819.0,1812492416.0
2025-06-30,600519,1403.5,1413.23,1402.0,1409.52,30457.0,4287373568.0
2025-07-01,000001,12.06,12.33,12.06,12.3,1354341.0,1653806720.0
2025-07-01,600519,1409.0,1411.94,1403.31,1405.1,19878.0,2794423296.0
2025-07-02,000001,12.31,12.41,12.23,12.32,1200411.0,1481842176.0
2025-07-02,600519,1409.5,1414.8,1400.0,1409.6,26218.0,3689246208.0
2025-07-03,000001,12.33,12.42,12.28,12.35,794086.0,980545984.0
2025-07-03,600519,1412.0,1422.69,1408.0,1415.6,24412.0,3456732928.0
2025-07-04,000001,12.35,12.72,12.3,12.6,1775332.0,2224873984.0
2025-07-04,600519,1415.7,1431.89,1410.01,1422.22,28766.0,4086547200.0
2025-07-07,000001,12.6,12.82,12.6,12.78,1495406.0,1901755904.0
2025-07-07,600519,1422.28,1423.5,1410.01,1410.7,23854.0,3370562560.0
2025-07-08,000001,12.75,12.84,12.65,12.69,1090986.0,1387093632.0
2025-07-08,600519,1410.71,1420.0,1410.7,1416.11,18673.0,2643302656.0
2025-07-09,000001,12.66,12.9,12.66,12.84,1205963.0,1542699008.0
2025-07-09,600519,1415.0,1429.97,1414.17,1418.88,27745.0,3950810624.0
2025-07-10,000001,12.82,13.33,12.79,13.18,2481415.0,3249454080.0
2025-07-10,600519,1418.97,1436.18,1410.4,1426.5,38725.0,5503329792.0
2025-07-11,000001,13.19,13.3,12.89,12.91,2443743.0,3200219648.0
2025-07-11,600519,1423.16,1458.0,1423.16,1427.0,57243.0,8239010304.0
2025-07-14,000001,12.87,13.17,12.86,12.98,1872895.0,2440924160.0
2025-07-14,600519,1430.0,1434.98,1421.6,1423.6,27780.0,3961735936.0
2025-07-15,000001,12.99,13.04,12.71,12.73,1810531.0,2322277376.0
2025-07-15,600519,1420.98,1422.93,1408.32,1411.0,35405.0,5005150208.0
2025-07-16,000001,12.73,12.76,12.5,12.64,1927863.0,2424984064.0
2025-07-16,600519,1410.01,1417.49,1409.95,1411.03,21286.0,3006882560.0
2025-07-17,000001,12.61,12.7,12.54,12.59,944641.0,1189666176.0
2025-07-17,600519,1413.98,1423.01,1412.88,1416.35,23105.0,3273100288.0
2025-07-18,000001,12.62,12.75,12.6,12.7,1241206.0,1574176768.0
2025-07-18,600519,1420.0,1437.81,1416.38,1437.0,41823.0,5984949760.0
2025-07-21,000001,12.64,12.71,12.55,12.61,1079026.0,1360155776.0
2025-07-21,600519,1436.99,1446.8,1435.0,1443.0,26203.0,3779891712.0
2025-07-22,000001,12.6,12.6,12.32,12.49,1935229.0,2408337408.0
2025-07-22,600519,1444.0,1466.6,1440.68,1464.98,42118.0,6127636992.0
2025-07-23,000001,12.46,12.63,12.45,12.53,1370520.0,1719158784.0
2025-07-23,600519,1469.0,1495.0,1468.95,1475.5,45044.0,6676301312.0
2025-07-24,000001,12.53,12.53,12.33,12.35,1959350.0,2426175232.0
2025-07-24,600519,1476.0,1499.0,1475.0,1491.5,38803.0,5786337280.0
2025-07-25,000001,12.33,12.46,12.32,12.35,1108266.0,1372103680.0
2025-07-25,600519,1491.4,1491.4,1453.0,1455.0,41911.0,6140078592.0
2025-07-28,000001,12.35,12.53,12.32,12.46,1238242.0,1541316992.0
2025-07-28,600519,1453.0,1454.99,1436.3,1438.66,38586.0,5560966144.0
2025-07-29,000001,12.46,12.51,12.34,12.34,1012818.0,1255113984.0
2025-07-29,600519,1439.6,1448.79,1435.01,1439.0,26304.0,3785848064.0
2025-07-30,000001,12.35,12.64,12.34,12.49,1715163.0,2149934336.0
2025-07-30,600519,1444.0,1457.16,1437.0,1449.44,31867.0,4612882944.0
2025-07-31,000001,12.51,12.55,12.22,12.23,1690081.0,2079630592.0
2025-07-31,600519,1443.0,1444.87,1418.0,1421.67,51797.0,7386302976.0
2025-08-01,000001,12.24,12.33,12.15,12.28,1012186.0,1240239232.0
2025-08-01,600519,1421.87,1425.96,1414.0,1417.0,29635.0,4200850688.0
2025-08-04,000001,12.24,12.38,12.21,12.3,1032689.0,1271376384.0
2025-08-04,600519,1415.0,1419.8,1414.0,1419.0,18687.0,2647105792.0
2025-08-05,000001,12.3,12.5,12.28,12.47,1132078.0,1405152384.0
2025-08-05,600519,1421.0,1429.94,1417.11,1427.74,25342.0,3607931392.0
2025-08-06,000001,12.47,12.52,12.4,12.46,690447.0,859684672.0
2025-08-06,600519,1429.0,1429.0,1419.3,1423.88,23699.0,3372334848.0
2025-08-07,000001,12.44,12.53,12.39,12.47,722053.0,900760000.0
2025-08-07,600519,1423.88,1427.7,1420.06,1422.35,28001.0,3988765696.0
2025-08-08,000001,12.48,12.53,12.39,12.4,829795.0,1032586752.0
2025-08-08,600519,1423.05,1426.5,1418.0,1420.97,18655.0,2651478016.0
2025-08-11,000001,12.4,12.42,12.27,12.3,934353.0,1150305152.0
2025-08-11,600519,1423.5,1451.99,1423.0,1445.0,47159.0,6794034176.0
2025-08-12,000001,12.3,12.4,12.3,12.33,680056.0,839635648.0
2025-08-12,600519,1449.0,1465.07,1436.0,1437.04,42019.0,6095342080.0
2025-08-13,000001,12.37,12.4,12.23,12.26,1119813.0,1376777856.0
2025-08-13,600519,1425.0,1433.68,1420.0,1420.05,65527.0,9325460480.0
2025-08-14,000001,12.27,12.34,12.19,12.2,1241041.0,1523447936.0
2025-08-14,600519,1420.94,1447.51,1420.94,1426.99,48129.0,6897535488.0
2025-08-15,000001,12.23,12.23,11.94,12.08,1948502.0,2344073472.0
2025-08-15,600519,1426.01,1428.66,1420.22,1422.08,47581.0,6772436992.0
2025-08-18,000001,12.06,12.15,12.03,12.08,1239058.0,1496526976.0
2025-08-18,600519,1426.99,1436.64,1423.1,1428.5,47377.0,6773477888.0
2025-08-19,000001,12.1,12.12,12.02,12.06,892859.0,1077380224.0
2025-08-19,600519,1433.5,1446.66,1432.0,1438.0,46371.0,6678540800.0
2025-08-20,000001,12.06,12.12,11.98,12.07,1048738.0,1265435776.0
2025-08-20,600519,1438.0,1452.8,1430.02,1450.0,45804.0,6623095808.0
2025-08-21,000001,12.05,12.19,12.03,12.15,1217418.0,1477053312.0
2025-08-21,600519,1453.45,1454.99,1443.65,1448.25,30890.0,4470441472.0
2025-08-22,000001,12.15,12.17,11.98,12.06,1644259.0,1979461248.0
2025-08-22,600519,1448.88,1464.0,1444.77,1463.95,44970.0,6544867328.0
2025-08-25,000001,12.12,12.53,12.1,12.45,3045087.0,3761288960.0
2025-08-25,600519,1470.01,1496.0,1466.0,1490.33,65324.0,9676719104.0
2025-08-26,000001,12.45,12.5,12.3,12.36,1383598.0,1709560960.0
2025-08-26,600519,1490.32,1494.23,1480.01,1481.61,39602.0,5883916800.0
2025-08-27,000001,12.32,12.36,12.05,12.06,1860049.0,2268070656.0
2025-08-27,600519,1481.88,1484.93,1448.0,1448.0,56006.0,8184168960.0
2025-08-28,000001,12.09,12.14,11.97,12.08,1653588.0,1991723392.0
2025-08-28,600519,1447.97,1456.1,1438.77,1446.1,39281.0,5683673088.0
2025-08-29,000001,12.05,12.22,12.03,12.05,1805125.0,2186232832.0
2025-08-29,600519,1453.0,1482.58,1452.0,1480.0,62256.0,9159701504.0
2025-09-01,000001,12.05,12.05,11.85,11.89,1858459.0,2214306304.0
2025-09-01,600519,1482.2,1488.0,1465.7,1476.1,45123.0,6658918400.0
2025-09-02,000001,11.85,11.99,11.84,11.98,1492715.0,1780010240.0
2025-09-02,600519,1478.66,1509.0,1478.0,1491.3,56688.0,8470012928.0
2025-09-03,000001,11.98,12.01,11.74,11.75,1367232.0,1619323008.0
2025-09-03,600519,1491.0,1503.5,1466.0,1480.55,45045.0,6656011264.0
2025-09-04,000001,11.76,11.77,11.6,11.74,1295300.0,1513956736.0
2025-09-04,600519,1472.0,1479.3,1460.47,1472.66,47746.0,7017084928.0
2025-09-05,000001,11.73,11.74,11.63,11.72,819661.0,957547456.0
2025-09-05,600519,1471.0,1486.97,1464.0,1483.0,37388.0,5519312384.0
2025-09-08,000001,11.71,11.78,11.67,11.7,924431.0,1083054592.0
2025-09-08,600519,1483.0,1506.44,1477.5,1501.23,51382.0,7682065920.0
2025-09-09,000001,11.71,11.78,11.68,11.75,860539.0,1009279744.0
2025-09-09,600519,1505.0,1509.95,1493.42,1505.0,35742.0,5366649856.0
2025-09-10,000001,11.74,11.79,11.71,11.77,792668.0,932170176.0
2025-09-10,600519,1506.66,1529.95,1496.0,1522.01,49663.0,7541459968.0
2025-09-11,000001,11.77,11.85,11.71,11.85,963931.0,1134234368.0
2025-09-11,600519,1522.01,1526.02,1508.5,1523.5,37238.0,5642778624.0
2025-09-12,000001,11.83,11.88,11.7,11.72,940385.0,1107449088.0
2025-09-12,600519,1526.0,1538.02,1510.53,1516.0,33722.0,5132185088.0
2025-09-15,000001,11.7,11.72,11.63,11.65,840386.0,980347648.0
2025-09-15,600519,1515.87,1517.48,1501.5,1515.1,25827.0,3901929728.0
2025-09-16,000001,11.66,11.71,11.61,11.64,708048.0,825169472.0
2025-09-16,600519,1515.1,1520.99,1496.21,1499.98,32717.0,4928374272.0
2025-09-17,000001,11.64,11.67,11.58,11.64,771128.0,896750272.0
2025-09-17,600519,1499.99,1510.28,1490.01,1493.0,30330.0,4534770688.0
2025-09-18,000001,11.65,11.66,11.38,11.41,1386160.0,1594827264.0
2025-09-18,600519,1492.0,1497.8,1463.5,1467.96,49721.0,7347477504.0
2025-09-19,000001,11.41,11.51,11.37,11.45,834651.0,955004096.0
2025-09-19,600519,1467.99,1475.5,1457.01,1467.97,32636.0,4784528896.0
2025-09-22,000001,11.44,11.47,11.37,11.38,596402.0,680158464.0
2025-09-22,600519,1465.09,1467.97,1450.01,1453.35,34947.0,5085057536.0
2025-09-23,000001,11.37,11.58,11.32,11.52,1341430.0,1543271168.0
2025-09-23,600519,1450.5,1457.5,1440.0,1447.42,38663.0,5588384256.0
2025-09-24,000001,11.51,11.62,11.43,11.46,1139583.0,1310214144.0
2025-09-24,600519,1434.07,1456.78,1434.07,1442.0,30743.0,4443053056.0
2025-09-25,000001,11.43,11.47,11.36,11.4,773275.0,881943168.0
2025-09-25,600519,1442.83,1445.21,1436.0,1439.0,33869.0,4873274880.0
2025-09-26,000001,11.39,11.44,11.32,11.4,753238.0,856917696.0
2025-09-26,600519,1441.18,1447.11,1428.01,1435.0,45120.0,6480889344.0
2025-09-29,000001,11.4,11.48,11.27,11.37,1176012.0,1334456960.0
2025-09-29,600519,1439.38,1469.99,1435.0,1460.86,53684.0,7798434816.0
2025-09-30,000001,11.37,11.37,11.29,11.34,832479.0,942224064.0
2025-09-30,600519,1460.0,1460.76,1440.0,1443.99,39363.0,5687474688.0
2025-10-09,000001,11.33,11.41,11.27,11.4,1047469.0,1187061632.0
2025-10-09,600519,1436.0,1439.38,1420.0,1436.78,54918.0,7845448704.0
2025-10-10,000001,11.37,11.49,11.36,11.43,1087947.0,1244213504.0
2025-10-10,600519,1437.6,1439.94,1427.5,1430.0,36001.0,5157459456.0
2025-10-13,000001,11.32,11.46,11.28,11.4,1168801.0,1328180352.0
2025-10-13,600519,1415.7,1422.85,1415.12,1419.2,46068.0,6533147648.0
2025-10-14,000001,11.39,11.6,11.36,11.57,1843428.0,2124120320.0
2025-10-14,600519,1429.99,1464.0,1429.99,1451.02,66672.0,9639484416.0
2025-10-15,000001,11.34,11.42,11.26,11.4,1271061.0,1443458048.0
2025-10-15,600519,1450.98,1463.0,1445.08,1462.0,42785.0,6233407488.0
2025-10-16,000001,11.38,11.55,11.36,11.54,1261936.0,1447841536.0
2025-10-16,600519,1461.92,1484.95,1458.88,1484.91,45730.0,6749163008.0
2025-10-17,000001,11.5,11.58,11.38,11.4,1039666.0,1193518592.0
2025-10-17,600519,1483.1,1488.0,1454.03,1455.0,38085.0,5594724864.0
2025-10-20,000001,11.41,11.45,11.27,11.42,952641.0,1081829760.0
2025-10-20,600519,1455.0,1469.5,1454.88,1457.93,25949.0,3793283840.0
2025-10-21,000001,11.4,11.47,11.39,11.43,761164.0,869658048.0
2025-10-21,600519,1459.0,1469.94,1455.5,1462.26,25442.0,3727984128.0
2025-10-22,000001,11.4,11.54,11.4,11.52,833703.0,957661632.0
2025-10-22,600519,1462.08,1465.73,1456.0,1458.7,18194.0,2657486592.0
2025-10-23,000001,11.52,11.71,11.5,11.63,1373111.0,1593155200.0
2025-10-23,600519,1455.0,1468.8,1447.2,1467.98,29322.0,4274652160.0
2025-10-24,000001,11.6,11.68,11.55,11.56,980475.0,1138026624.0
2025-10-24,600519,1467.95,1478.88,1449.34,1450.0,38225.0,5578603008.0
2025-10-27,000001,11.54,11.61,11.44,11.52,1239485.0,1428199680.0
2025-10-27,600519,1440.0,1452.49,1435.99,1440.41,37102.0,5352667136.0
2025-10-28,000001,11.53,11.58,11.42,11.47,821568.0,943626816.0
2025-10-28,600519,1442.0,1451.2,1441.1,1445.0,27124.0,3923817216.0
2025-10-29,000001,11.46,11.46,11.36,11.39,966213.0,1100783360.0
2025-10-29,600519,1440.02,1446.55,1430.04,1431.9,33937.0,4868780544.0
2025-10-30,000001,11.38,11.47,11.36,11.38,943770.0,1077182592.0
2025-10-30,600519,1421.81,1436.63,1421.81,1426.74,47456.0,6768821248.0
2025-10-31,000001,11.38,11.4,11.3,11.32,970192.0,1099179136.0
2025-10-31,600519,1422.0,1435.98,1420.11,1430.01,35693.0,5109623808.0
2025-11-03,000001,11.34,11.44,11.3,11.43,952326.0,1084422528.0
2025-11-03,600519,1431.0,1448.0,1420.1,1435.0,34547.0,4945310720.0
2025-11-04,000001,11.42,11.64,11.4,11.59,1503007.0,1737289472.0
2025-11-04,600519,1435.1,1435.78,1423.78,1429.0,26565.0,3793892864.0
2025-11-05,000001,11.59,11.6,11.5,11.52,794926.0,918112448.0
2025-11-05,600519,1425.89,1430.99,1420.01,1420.08,34475.0,4908475392.0
2025-11-06,000001,11.5,11.58,11.47,11.51,766585.0,882799488.0
2025-11-06,600519,1430.0,1441.45,1429.99,1435.13,38347.0,5505960448.0
2025-11-07,000001,11.52,11.58,11.5,11.55,734850.0,848177984.0
2025-11-07,600519,1435.11,1439.78,1431.11,1433.33,18861.0,2704995840.0
2025-11-10,000001,11.52,11.64,11.45,11.63,827208.0,957555584.0
2025-11-10,600519,1435.0,1463.69,1434.98,1462.3,49451.0,7181246464.0
2025-11-11,000001,11.62,11.69,11.57,11.67,886508.0,1033284800.0
2025-11-11,600519,1462.0,1462.18,1447.0,1458.99,26691.0,3882776832.0
2025-11-12,000001,11.7,11.79,11.65,11.68,1141325.0,1337963776.0
2025-11-12,600519,1459.98,1478.36,1459.21,1465.15,32992.0,4849073152.0
2025-11-13,000001,11.68,11.72,11.57,11.7,978991.0,1139765248.0
2025-11-13,600519,1462.12,1473.58,1458.0,1470.38,31179.0,4569178112.0
2025-11-14,000001,11.67,11.84,11.66,11.75,1316995.0,1551867264.0
2025-11-14,600519,1470.0,1478.95,1456.3,1456.6,27473.0,4031007232.0
2025-11-17,000001,11.75,11.75,11.62,11.67,995232.0,1161416192.0
2025-11-17,600519,1454.0,1473.0,1445.79,1471.0,34462.0,5035780096.0
2025-11-18,000001,11.65,11.69,11.57,11.59,670077.0,778887552.0
2025-11-18,600519,1470.7,1486.07,1469.0,1476.0,34204.0,5055675392.0
2025-11-19,000001,11.58,11.83,11.57,11.8,1334996.0,1565428608.0
2025-11-19,600519,1474.0,1479.53,1469.96,1471.01,22045.0,3249449216.0
2025-11-20,000001,11.79,11.99,11.74,11.85,1637039.0,1948416000.0
2025-11-20,600519,1472.0,1479.9,1465.03,1467.11,24002.0,3531653888.0
2025-11-21,000001,11.8,11.88,11.66,11.69,1465358.0,1721871232.0
2025-11-21,600519,1470.5,1480.0,1456.0,1466.6,42607.0,6259873280.0
2025-11-24,000001,11.7,11.73,11.6,11.6,1117118.0,1302444672.0
2025-11-24,600519,1467.0,1471.0,1451.13,1452.0,33607.0,4901903872.0
2025-11-25,000001,11.61,11.8,11.58,11.8,1028080.0,1203879808.0
2025-11-25,600519,1458.0,1458.0,1444.5,1444.65,28440.0,4119930112.0
2025-11-26,000001,11.81,11.85,11.65,11.69,821301.0,962935424.0
2025-11-26,600519,1448.88,1453.49,1443.58,1449.15,20306.0,2938818048.0
2025-11-27,000001,11.66,11.71,11.58,11.71,1011847.0,1178308992.0
2025-11-27,600519,1449.5,1450.0,1439.04,1447.3,22286.0,3216797184.0
2025-11-28,000001,11.67,11.68,11.58,11.61,884358.0,1027933440.0
2025-11-28,600519,1446.5,1455.5,1443.0,1450.5,23211.0,3366696704.0
2025-12-01,000001,11.6,11.7,11.53,11.69,1037322.0,1205480320.0
2025-12-01,600519,1451.0,1462.27,1442.0,1448.0,27333.0,3961995008.0
2025-12-02,000001,11.68,11.73,11.59,11.64,768059.0,894720576.0
2025-12-02,600519,1448.0,1451.92,1435.02,1436.03,25047.0,3607543808.0
2025-12-03,000001,11.64,11.7,11.54,11.55,944601.0,1099167232.0
2025-12-03,600519,1435.81,1435.97,1428.0,1429.1,23572.0,3370080000.0
2025-12-04,000001,11.55,11.58,11.46,11.49,886089.0,1019179008.0
2025-12-04,600519,1429.1,1432.5,1418.38,1423.98,29075.0,4134921984.0
2025-12-05,000001,11.49,11.54,11.4,11.53,890766.0,1022334912.0
2025-12-05,600519,1423.98,1433.09,1419.5,1430.01,25401.0,3622681600.0
2025-12-08,000001,11.49,11.6,11.48,11.52,855898.0,988510016.0
2025-12-08,600519,1429.2,1436.67,1418.0,1418.22,33602.0,4789155840.0
2025-12-09,000001,11.52,11.54,11.43,11.43,733957.0,842732352.0
2025-12-09,600519,1418.23,1421.0,1400.05,1401.01,42634.0,5995722240.0
2025-12-10,000001,11.44,11.46,11.29,11.33,1044064.0,1184087680.0
2025-12-10,600519,1400.0,1402.8,1383.18,1402.8,33133.0,4625906176.0
2025-12-11,000001,11.35,11.39,11.3,11.37,925261.0,1049906240.0
2025-12-11,600519,1406.66,1411.99,1401.55,1411.99,22385.0,3149974016.0
2025-12-12,000001,11.37,11.43,11.3,11.35,1191894.0,1357465344.0
2025-12-12,600519,1418.0,1425.0,1413.57,1420.65,37159.0,5273563136.0
2025-12-15,000001,11.34,11.54,11.33,11.51,940832.0,1080642176.0
2025-12-15,600519,1439.59,1439.99,1425.57,1426.0,33358.0,4774362112.0
2025-12-16,000001,11.49,11.55,11.44,11.48,647351.0,743388992.0
2025-12-16,600519,1426.2,1428.78,1415.0,1422.0,23963.0,3403139072.0
2025-12-17,000001,11.47,11.58,11.42,11.53,701495.0,807135168.0
2025-12-17,600519,1425.0,1439.94,1417.68,1433.1,31382.0,4489482240.0
2025-12-18,000001,11.51,11.65,11.48,11.64,790466.0,916247616.0
2025-12-18,600519,1433.5,1438.88,1426.11,1431.0,17829.0,2551177728.0
2025-12-19,000001,11.63,11.65,11.58,11.62,649886.0,755106112.0
2025-12-19,600519,1410.0,1412.45,1401.01,1410.0,26508.0,3733028352.0
2025-12-22,000001,11.61,11.61,11.51,11.52,742369.0,857197056.0
2025-12-22,600519,1410.0,1414.14,1406.58,1408.26,20425.0,2881636864.0
2025-12-23,000001,11.52,11.6,11.5,11.56,666265.0,770081920.0
2025-12-23,600519,1408.26,1412.93,1397.19,1407.86,24506.0,3445377024.0
2025-12-24,000001,11.55,11.58,11.49,11.54,505243.0,582458752.0
2025-12-24,600519,1404.99,1406.36,1400.0,1400.9,25186.0,3533253632.0
2025-12-25,000001,11.54,11.62,11.52,11.56,547455.0,633772608.0
2025-12-25,600519,1405.0,1419.48,1401.38,1414.17,23386.0,3299572224.0
2025-12-26,000001,11.56,11.59,11.53,11.54,436339.0,504079296.0
2025-12-26,600519,1414.17,1419.14,1410.0,1414.13,17802.0,2520605696.0
2025-12-29,000001,11.54,11.62,11.5,11.56,648295.0,749083008.0
2025-12-29,600519,1414.13,1414.13,1401.0,1402.0,26308.0,3694660096.0
2025-12-30,000001,11.53,11.56,11.45,11.48,582584.0,669409280.0
2025-12-30,600519,1401.0,1401.9,1386.0,1389.72,33791.0,4702489600.0
2025-12-31,000001,11.48,11.49,11.4,11.41,590620.0,675457344.0
2025-12-31,600519,1390.0,1394.0,1377.17,1377.18,34765.0,4799456256.0
2026-01-05,000001,11.42,11.51,11.41,11.5,875491.0,1003479232.0
2026-01-05,600519,1385.0,1431.88,1385.0,1426.0,70949.0,10018085888.0
2026-01-06,000001,11.5,11.68,11.48,11.67,1304648.0,1512911616.0
2026-01-06,600519,1432.55,1436.97,1416.53,1428.01,39586.0,5649710080.0
2026-01-07,000001,11.66,11.82,11.62,11.64,966236.0,1131165696.0
2026-01-07,600519,1432.88,1435.0,1420.2,1423.36,29683.0,4234255360.0
2026-01-08,000001,11.64,11.65,11.49,11.51,1100085.0,1268647296.0
2026-01-08,600519,1423.33,1423.36,1408.14,1412.3,29134.0,4117925120.0
2026-01-09,000001,11.53,11.53,11.44,11.46,983390.0,1128076544.0
2026-01-09,600519,1417.0,1428.6,1416.01,1419.1,29847.0,4243865344.0
2026-01-12,000001,11.45,11.49,11.42,11.48,855212.0,979700160.0
2026-01-12,600519,1419.1,1431.0,1417.1,1423.23,36082.0,5135635968.0
2026-01-13,000001,11.48,11.54,11.44,11.47,1061541.0,1219755520.0
2026-01-13,600519,1426.79,1429.52,1408.99,1411.0,39168.0,5555633664.0
2026-01-14,000001,11.47,11.47,11.35,11.36,1274757.0,1454416640.0
2026-01-14,600519,1411.0,1422.25,1396.18,1398.01,51757.0,7285041152.0
2026-01-15,000001,11.33,11.37,11.3,11.31,884959.0,1002514944.0
2026-01-15,600519,1396.02,1402.83,1388.58,1388.89,40907.0,5698739712.0
2026-01-16,000001,11.34,11.34,11.16,11.19,1119472.0,1257713536.0
2026-01-16,600519,1395.0,1397.5,1380.0,1382.0,55120.0,7643061760.0
2026-01-19,000001,11.15,11.21,11.11,11.12,804741.0,896712448.0
2026-01-19,600519,1381.9,1387.49,1375.0,1376.0,42286.0,5833745408.0
2026-01-20,000001,11.12,11.2,11.11,11.16,772276.0,861694208.0
2026-01-20,600519,1379.5,1381.58,1372.05,1373.55,36484.0,5021900800.0
2026-01-21,000001,11.15,11.18,11.06,11.07,900124.0,1001045312.0
2026-01-21,600519,1373.56,1374.4,1350.0,1351.06,64516.0,8775880704.0
2026-01-22,000001,11.07,11.15,11.05,11.07,788634.0,873985792.0
2026-01-22,600519,1352.01,1361.76,1337.48,1340.06,59010.0,7962441216.0
2026-01-23,000001,11.07,11.09,10.98,10.99,1109994.0,1224886400.0
2026-01-23,600519,1340.1,1348.0,1332.47,1337.0,61948.0,8301311488.0
2026-01-26,000001,10.98,11.06,10.92,10.96,1106246.0,1214803456.0
2026-01-26,600519,1340.51,1355.0,1325.12,1342.0,80166.0,10751225856.0
2026-01-27,000001,10.96,11.03,10.93,10.94,894091.0,981119808.0
2026-01-27,600519,1344.98,1353.7,1338.0,1343.01,48415.0,6514513408.0
2026-01-28,000001,10.94,10.99,10.82,10.84,1438766.0,1570012800.0
2026-01-28,600519,1343.04,1346.71,1322.01,1323.69,76218.0,10135019520.0
2026-01-29,000001,10.84,10.98,10.66,10.96,1852993.0,2001845248.0
2026-01-29,600519,1335.0,1445.0,1329.06,1437.72,189534.0,26305591296.0
2026-01-30,000001,10.94,11.03,10.83,10.83,1091755.0,1191181184.0
2026-01-30,600519,1435.0,1435.0,1401.0,1401.0,94479.0,13366329344.0
2026-02-02,000001,10.82,11.03,10.8,10.86,1223173.0,1337643392.0
2026-02-02,600519,1425.0,1458.58,1411.62,1427.0,85724.0,12312646656.0
2026-02-03,000001,10.89,10.9,10.77,10.84,806628.0,872562176.0
2026-02-03,600519,1445.0,1476.81,1443.03,1474.92,86320.0,12628440064.0
2026-02-04,000001,10.85,10.98,10.84,10.97,695415.0,760107712.0
2026-02-04,600519,1485.0,1533.27,1474.0,1525.0,109122.0,16444346368.0
2026-02-05,000001,10.98,11.11,10.96,11.09,1177591.0,1301134080.0
2026-02-05,600519,1520.0,1565.0,1515.0,1555.0,91622.0,14183456768.0
2026-02-06,000001,11.08,11.14,10.99,11.05,727709.0,803862272.0
2026-02-06,600519,1555.0,1568.0,1505.88,1515.01,78965.0,12019878912.0
2026-02-09,000001,11.05,11.11,11.01,11.07,619716.0,685218240.0
2026-02-09,600519,1518.0,1542.88,1513.49,1524.96,51168.0,7809067520.0
2026-02-10,000001,11.07,11.1,11.02,11.06,600430.0,664140160.0
2026-02-10,600519,1524.97,1524.97,1496.5,1504.8,39575.0,5953269248.0
2026-02-11,000001,11.06,11.09,11.02,11.07,431040.0,476801856.0
2026-02-11,600519,1504.8,1514.0,1496.0,1504.33,30928.0,4648359936.0
2026-02-12,000001,11.07,11.08,10.93,10.96,681340.0,748338560.0
2026-02-12,600519,1500.2,1502.82,1473.36,1486.6,46245.0,6874370048.0
2026-02-13,000001,10.96,10.99,10.9,10.91,555047.0,607501376.0
2026-02-13,600519,1486.6,1507.8,1470.58,1485.3,41679.0,6216379392.0
2026-02-24,000001,10.93,10.95,10.88,10.91,602512.0,657487680.0
2026-02-24,600519,1521.0,1524.4,1463.6,1466.8,41912.0,6198840320.0
2026-02-25,000001,10.91,10.95,10.78,10.86,1063134.0,1156693760.0
2026-02-25,600519,1470.0,1509.66,1467.88,1491.66,36880.0,5490316288.0
2026-02-26,000001,10.86,10.91,10.8,10.87,712730.0,772947712.0
2026-02-26,600519,1486.6,1489.49,1464.67,1466.21,32958.0,4855471616.0
2026-02-27,000001,10.86,10.92,10.84,10.9,612227.0,666177344.0
2026-02-27,600519,1466.99,1476.21,1455.02,1455.02,32160.0,4697692672.0
2026-03-02,000001,10.85,10.89,10.77,10.85,838873.0,908747840.0
2026-03-02,600519,1450.0,1457.0,1436.66,1440.11,35453.0,5115063296.0
2026-03-03,000001,10.85,10.95,10.8,10.88,1028694.0,1119402112.0
2026-03-03,600519,1440.1,1452.87,1422.13,1426.19,45890.0,6565381632.0
2026-03-04,000001,10.84,10.84,10.67,10.71,1089713.0,1167995904.0
2026-03-04,600519,1415.0,1423.0,1392.09,1401.18,48014.0,6743267328.0
2026-03-05,000001,10.72,10.84,10.7,10.81,712641.0,768553600.0
2026-03-05,600519,1406.0,1412.96,1395.0,1399.04,30505.0,4276226048.0
2026-03-06,000001,10.78,10.84,10.77,10.82,476576.0,514733536.0
2026-03-06,600519,1395.0,1407.5,1388.0,1402.0,29154.0,4072328960.0
2026-03-09,000001,10.79,10.82,10.74,10.76,835892.0,900716864.0
2026-03-09,600519,1390.0,1404.9,1383.2,1397.0,37441.0,5220095488.0
2026-03-10,000001,10.77,10.81,10.73,10.81,790111.0,850573504.0
2026-03-10,600519,1404.9,1409.49,1398.0,1401.88,24625.0,3457808896.0
2026-03-11,000001,10.79,10.9,10.77,10.89,720534.0,781041024.0
2026-03-11,600519,1402.99,1405.99,1398.02,1400.0,24456.0,3425363968.0
2026-03-12,000001,10.87,10.96,10.85,10.94,754905.0,824171968.0
2026-03-12,600519,1395.0,1403.95,1391.01,1392.0,27586.0,3850521600.0
2026-03-13,000001,10.93,11.0,10.87,10.93,841939.0,920839360.0
2026-03-13,600519,1392.48,1417.62,1392.0,1413.64,33607.0,4738808320.0
2026-03-16,000001,10.93,10.97,10.88,10.92,715603.0,782089472.0
2026-03-16,600519,1420.0,1466.0,1420.0,1460.18,60086.0,8711525376.0
2026-03-17,000001,10.91,11.07,10.9,11.03,1076656.0,1187565440.0
2026-03-17,600519,1468.0,1498.07,1461.19,1485.0,49453.0,7347310592.0
2026-03-18,000001,11.04,11.04,10.91,10.96,791079.0,867711232.0
2026-03-18,600519,1489.0,1496.5,1463.15,1468.8,35551.0,5239992320.0
2026-03-19,000001,10.92,10.97,10.86,10.88,624211.0,681086528.0
2026-03-19,600519,1472.96,1473.0,1446.0,1452.87,30318.0,4404953600.0
2026-03-20,000001,10.87,10.94,10.76,10.77,834082.0,903819008.0
2026-03-20,600519,1452.96,1462.5,1439.0,1445.0,26132.0,3782818304.0
2026-03-23,000001,10.68,10.68,10.43,10.45,1580088.0,1666328320.0
2026-03-23,600519,1433.33,1435.0,1400.03,1408.07,47255.0,6669708800.0
2026-03-24,000001,10.52,10.89,10.52,10.88,1622251.0,1744746752.0
2026-03-24,600519,1416.0,1417.59,1400.18,1407.33,28561.0,4017694464.0
2026-03-25,000001,10.89,10.95,10.79,10.94,744779.0,809739904.0
2026-03-25,600519,1410.11,1417.87,1401.01,1410.27,26093.0,3677905664.0
2026-03-26,000001,10.91,11.05,10.9,10.94,827664.0,909199424.0
2026-03-26,600519,1409.0,1413.9,1400.3,1401.18,23092.0,3243387392.0
2026-03-27,000001,10.91,11.05,10.83,11.02,884128.0,972821248.0
2026-03-27,600519,1400.0,1426.0,1396.66,1416.02,30087.0,4257499904.0
2026-03-30,000001,10.98,11.05,10.94,10.99,632522.0,696208256.0
2026-03-30,600519,1407.0,1431.0,1402.52,1420.0,28684.0,4060685056.0
2026-03-31,000001,11.0,11.18,10.99,11.08,1164565.0,1294675712.0
2026-03-31,600519,1468.0,1479.93,1448.41,1450.0,61690.0,9015486464.0
2026-04-01,000001,11.09,11.23,11.08,11.15,918925.0,1025538816.0
2026-04-01,600519,1464.49,1469.99,1452.88,1459.44,29125.0,4256185344.0
2026-04-02,000001,11.15,11.32,11.13,11.27,1148895.0,1292756736.0
2026-04-02,600519,1459.44,1464.88,1452.1,1459.88,21064.0,3071809792.0
2026-04-03,000001,11.28,11.28,11.09,11.12,757757.0,845283648.0
2026-04-03,600519,1459.54,1469.96,1455.0,1460.0,20193.0,2953992960.0
2026-04-07,000001,11.12,11.14,10.97,11.03,607955.0,671322752.0
2026-04-07,600519,1460.05,1470.0,1435.05,1440.02,24152.0,3507471616.0
2026-04-08,000001,11.11,11.22,11.05,11.22,812975.0,906308288.0
2026-04-08,600519,1460.0,1469.08,1452.13,1465.02,33836.0,4947936768.0
2026-04-09,000001,11.17,11.22,11.06,11.1,602364.0,669239296.0
2026-04-09,600519,1465.02,1465.02,1447.5,1460.49,20704.0,3012278528.0
2026-04-10,000001,11.1,11.13,11.07,11.09,481046.0,534088992.0
2026-04-10,600519,1459.14,1459.71,1441.1,1453.96,28865.0,4187181568.0
2026-04-13,000001,11.05,11.09,11.03,11.07,406104.0,449056800.0
2026-04-13,600519,1444.0,1446.5,1433.0,1443.31,25213.0,3629675520.0
2026-04-14,000001,11.07,11.17,11.07,11.17,496151.0,551741632.0
2026-04-14,600519,1442.6,1448.6,1435.0,1446.9,24232.0,3492544256.0
2026-04-15,000001,11.16,11.22,11.15,11.21,503937.0,564031552.0
2026-04-15,600519,1444.98,1470.79,1442.0,1467.5,34553.0,5049317376.0
2026-04-16,000001,11.2,11.23,11.07,11.09,680914.0,758006912.0
2026-04-16,600519,1467.45,1477.41,1460.0,1462.84,24512.0,3597294848.0
2026-04-17,000001,11.09,11.11,10.99,11.01,722530.0,797678400.0
2026-04-17,600519,1400.0,1421.0,1399.87,1407.24,96824.0,13631929344.0
2026-04-20,000001,11.01,11.07,10.96,11.06,630033.0,695097216.0
2026-04-20,600519,1403.0,1413.94,1400.0,1410.89,36451.0,5127145984.0
2026-04-21,000001,11.04,11.16,11.03,11.08,806946.0,896659520.0
2026-04-21,600519,1411.0,1419.9,1410.0,1412.01,21754.0,3074595072.0
2026-04-22,000001,11.08,11.09,10.95,10.98,839054.0,923203008.0
2026-04-22,600519,1415.0,1419.0,1404.98,1409.5,26915.0,3793827584.0
2026-04-23,000001,10.98,11.03,10.93,11.0,648066.0,711757568.0
2026-04-23,600519,1408.0,1419.7,1405.1,1419.0,37701.0,5332831232.0
2026-04-24,000001,10.98,11.03,10.92,11.0,582710.0,639781184.0
2026-04-24,600519,1413.1,1458.88,1413.1,1458.49,55455.0,8003410944.0
2026-04-27,000001,11.33,11.57,11.29,11.38,3401275.0,3891707648.0
2026-04-27,600519,1420.0,1420.0,1402.2,1403.2,72797.0,10239763456.0
2026-04-28,000001,11.36,11.46,11.32,11.46,1674258.0,1908333952.0
2026-04-28,600519,1402.0,1409.39,1400.11,1405.0,34004.0,4772513792.0
2026-04-29,000001,11.43,11.54,11.39,11.52,1378423.0,1583294848.0
2026-04-29,600519,1405.0,1409.75,1400.28,1401.17,34813.0,4881691136.0
2026-04-30,000001,11.5,11.6,11.46,11.49,1139241.0,1312827776.0
2026-04-30,600519,1400.0,1401.17,1380.0,1384.79,52752.0,7316111872.0
2026-05-06,000001,11.5,11.5,11.3,11.36,1216387.0,1380730880.0
2026-05-06,600519,1365.1,1379.0,1360.05,1375.0,47806.0,6550750720.0
2026-05-07,000001,11.37,11.39,11.3,11.37,936958.0,1062755264.0
2026-05-07,600519,1375.0,1388.0,1370.01,1371.05,40461.0,5573286400.0
2026-05-08,000001,11.34,11.42,11.3,11.3,798819.0,905737856.0
2026-05-08,600519,1371.66,1382.77,1370.0,1372.99,33368.0,4582856192.0
2026-05-11,000001,11.29,11.31,11.16,11.28,931865.0,1047435392.0
2026-05-11,600519,1372.89,1372.89,1361.0,1361.33,57135.0,7790721536.0
2026-05-12,000001,11.28,11.36,11.21,11.25,1029038.0,1158241920.0
2026-05-12,600519,1362.0,1363.58,1350.5,1354.55,50837.0,6886304768.0
2026-05-13,000001,11.25,11.28,11.11,11.14,1017973.0,1136724096.0
2026-05-13,600519,1354.5,1358.6,1338.0,1344.09,56967.0,7653257216.0
2026-05-14,000001,11.14,11.15,11.05,11.05,794368.0,881960640.0
2026-05-14,600519,1338.0,1369.06,1335.18,1342.17,55244.0,7428592640.0
2026-05-15,000001,11.05,11.11,10.96,10.99,974741.0,1074648576.0
2026-05-15,600519,1335.15,1339.28,1327.11,1332.95,58183.0,7749366784.0
2026-05-18,000001,10.96,10.97,10.82,10.86,856381.0,931697152.0
2026-05-18,600519,1336.0,1342.68,1319.61,1323.0,49660.0,6594983936.0
2026-05-19,000001,10.83,10.92,10.83,10.86,793529.0,862561856.0
2026-05-19,600519,1321.9,1329.99,1318.0,1324.3,43254.0,5719170560.0
2026-05-20,000001,10.86,10.88,10.76,10.77,747632.0,808079616.0
2026-05-20,600519,1321.0,1332.99,1314.0,1315.0,47487.0,6271273984.0
2026-05-21,000001,10.78,10.8,10.69,10.7,1110211.0,1194144128.0
2026-05-21,600519,1312.98,1323.52,1311.0,1311.0,38868.0,5112740352.0
2026-05-22,000001,10.7,10.73,10.65,10.68,954132.0,1020057088.0
2026-05-22,600519,1310.95,1311.91,1290.12,1290.2,49157.0,6372389376.0
2026-05-25,000001,10.68,10.76,10.64,10.68,663102.0,709614144.0
2026-05-25,600519,1287.0,1304.79,1277.0,1285.88,46352.0,5978725376.0
2026-05-26,000001,10.71,10.83,10.66,10.79,837346.0,900879552.0
2026-05-26,600519,1285.35,1289.89,1270.01,1273.38,45931.0,5867830784.0
2026-05-27,000001,10.76,10.85,10.72,10.76,839727.0,905710912.0
2026-05-27,600519,1268.02,1319.0,1250.1,1303.0,82727.0,10586574848.0
2026-05-28,000001,10.76,10.79,10.63,10.66,900711.0,963695808.0
2026-05-28,600519,1290.0,1304.0,1271.0,1275.98,45889.0,5895475200.0
2026-05-29,000001,10.65,10.93,10.62,10.93,1399367.0,1515692032.0
2026-05-29,600519,1270.6,1329.0,1270.0,1326.0,76478.0,10037388288.0
2026-06-01,000001,10.9,10.99,10.81,10.99,954595.0,1042306432.0
2026-06-01,600519,1327.0,1327.0,1301.31,1309.6,43844.0,5741133312.0
2026-06-02,000001,10.98,11.1,10.94,11.08,885428.0,978159360.0
2026-06-02,600519,1306.0,1326.36,1301.0,1307.22,36361.0,4769963008.0
2026-06-03,000001,11.03,11.06,10.92,10.99,825271.0,906870272.0
2026-06-03,600519,1304.0,1304.0,1276.0,1281.91,52476.0,6743202816.0
2026-06-04,000001,10.91,10.97,10.77,10.82,869270.0,943329280.0
2026-06-04,600519,1278.99,1288.99,1266.69,1268.0,33506.0,4273269248.0
2026-06-05,000001,10.83,11.03,10.83,10.98,1003503.0,1102446080.0
2026-06-05,600519,1278.0,1283.0,1267.74,1272.86,31303.0,3984001792.0
2026-06-08,000001,10.97,11.1,10.96,11.03,1090926.0,1203946368.0
2026-06-08,600519,1272.0,1278.0,1260.0,1262.98,30828.0,3898027008.0
2026-06-09,000001,11.01,11.19,10.96,11.13,1149672.0,1277122432.0
2026-06-09,600519,1262.99,1263.0,1252.55,1256.0,27860.0,3500590592.0
2026-06-10,000001,11.07,11.35,11.07,11.32,1543176.0,1738056704.0
2026-06-10,600519,1252.08,1282.0,1250.21,1275.88,39244.0,4991686656.0
2026-06-11,000001,11.32,11.39,11.25,11.3,1156222.0,1308134016.0
2026-06-11,600519,1272.12,1282.88,1266.91,1279.0,25351.0,3230008320.0
2026-06-12,000001,11.0,11.25,10.88,11.24,2032355.0,2263042816.0
2026-06-12,600519,1271.18,1295.0,1265.01,1291.91,50494.0,6477910016.0
2026-06-15,000001,11.21,11.21,10.98,11.06,1541305.0,1711561344.0
2026-06-15,600519,1292.7,1292.7,1270.1,1271.1,41585.0,5303655936.0
2026-06-16,000001,11.05,11.12,10.91,10.94,942708.0,1034554240.0
2026-06-16,600519,1267.01,1267.88,1255.0,1255.67,34969.0,4399957504.0
2026-06-17,000001,10.97,10.99,10.75,10.78,965828.0,1046564864.0
2026-06-17,600519,1258.0,1259.77,1238.56,1240.0,44803.0,5581256192.0
2026-06-18,000001,10.74,10.77,10.52,10.52,1426893.0,1511009536.0
2026-06-18,600519,1235.0,1238.87,1211.22,1215.0,57471.0,7016713728.0
2026-06-22,000001,10.52,10.67,10.42,10.65,1265316.0,1334768000.0
2026-06-22,600519,1214.31,1252.8,1205.0,1241.41,58251.0,7163236352.0
2026-06-23,000001,10.65,10.91,10.63,10.71,1190604.0,1285360384.0
2026-06-23,600519,1239.0,1264.0,1217.0,1222.45,58004.0,7179745792.0
2026-06-24,000001,10.68,10.78,10.51,10.51,1125841.0,1193370240.0
2026-06-24,600519,1222.65,1241.87,1207.51,1207.68,45335.0,5516574208.0
2026-06-25,000001,10.47,10.59,10.41,10.42,1083999.0,1136742144.0
2026-06-25,600519,1207.0,1227.0,1200.0,1212.1,48446.0,5860481536.0
2026-06-26,000001,10.42,10.47,10.19,10.23,1236481.0,1270902912.0
2026-06-26,600519,1199.0,1199.0,1168.1,1168.63,50066.0,5922014208.0
2026-06-29,000001,10.22,10.32,10.02,10.24,1124139.0,1144166912.0
2026-06-29,600519,1169.0,1215.0,1151.01,1194.96,66878.0,7949237760.0
2026-06-30,000001,10.22,10.22,10.04,10.05,1111352.0,1121201536.0
2026-06-30,600519,1187.0,1195.67,1176.0,1185.49,39607.0,4684236288.0
2026-07-01,000001,10.05,10.18,9.99,10.16,906889.0,915838528.0
2026-07-01,600519,1180.1,1196.8,1166.33,1193.01,42473.0,5033838080.0
2026-07-02,000001,10.2,10.36,10.17,10.28,1004748.0,1030886400.0
2026-07-02,600519,1193.01,1215.52,1190.51,1203.0,50870.0,6122360832.0
2026-07-03,000001,10.29,10.4,10.18,10.29,863326.0,888789376.0
2026-07-03,600519,1205.24,1210.14,1185.0,1194.45,34267.0,4099266304.0
2026-07-06,000001,10.25,10.52,10.22,10.5,1061048.0,1103902592.0
2026-07-06,600519,1186.0,1215.0,1180.0,1206.91,40970.0,4913750528.0
2026-07-07,000001,10.46,10.51,10.35,10.47,805221.0,840465792.0
2026-07-07,600519,1200.0,1202.0,1188.11,1188.8,27365.0,3264967680.0
2026-07-08,000001,10.44,10.63,10.34,10.6,950760.0,1002624576.0
2026-07-08,600519,1188.77,1200.98,1177.0,1199.3,25776.0,3071933440.0
2026-07-09,000001,10.55,10.59,10.43,10.49,747191.0,785387072.0
2026-07-09,600519,1191.0,1191.99,1178.0,1182.19,34096.0,4035216896.0
2026-07-10,000001,10.5,10.51,10.4,10.45,957320.0,999718272.0
2026-07-10,600519,1182.2,1204.98,1170.28,1204.98,52212.0,6223343616.0
2026-07-13,000001,10.42,10.55,10.38,10.54,924746.0,971033152.0
2026-07-13,600519,1197.12,1215.0,1190.19,1210.99,41982.0,5056689664.0
2026-07-14,000001,10.53,10.7,10.48,10.69,1193715.0,1267511168.0
2026-07-14,600519,1208.99,1226.87,1205.0,1214.88,43527.0,5294785024.0
2026-07-15,000001,10.65,10.87,10.63,10.84,981421.0,1059209088.0
2026-07-15,600519,1203.66,1256.6,1198.66,1251.06,71943.0,8922861568.0
2026-07-16,000001,10.85,10.93,10.72,10.77,800766.0,864435904.0
2026-07-16,600519,1252.0,1267.97,1245.05,1258.99,47611.0,5987570688.0
2026-07-17,000001,10.75,10.88,10.72,10.78,1075499.0,1163189248.0
2026-07-17,600519,1269.01,1269.33,1238.98,1253.0,58417.0,7322732544.0
2026-07-20,000001,10.75,11.0,10.74,10.98,1567304.0,1713460224.0
2026-07-20,600519,1270.0,1329.0,1266.0,1327.5,106151.0,13898350592.0
2026-07-21,000001,10.99,11.13,10.83,10.84,1755113.0,1925298944.0
2026-07-21,600519,1338.98,1344.7,1296.87,1308.0,77147.0,10174304256.0
2026-07-22,000001,10.81,10.98,10.77,10.98,1029483.0,1120150656.0
2026-07-22,600519,1300.0,1308.0,1283.24,1305.0,65181.0,8431141888.0
2026-07-23,000001,10.92,11.12,10.9,11.08,1095742.0,1210838016.0
2026-07-23,600519,1299.8,1303.0,1285.43,1292.01,33917.0,4392505344.0
2026-07-24,000001,11.09,11.18,11.09,11.1,1140933.0,1269361152.0
2026-07-24,600519,1305.0,1309.21,1286.2,1297.41,35698.0,4622242816.0
2026-07-27,000001,11.11,11.16,11.04,11.11,957155.0,1062796352.0
2026-07-27,600519,1308.0,1308.0,1279.58,1289.5,31990.0,4129228544.0
2026-07-28,000001,11.1,11.21,11.09,11.2,1061011.0,1185514880.0
2026-07-28,600519,1299.0,1320.0,1289.52,1320.0,53134.0,6960058368.0
